subset_position,subset_sample_id,match_level,parent_position,parent_sample_id,same_sample_id,same_position
0,ttdf_0982b2624c98,exact,0,ttdf_0982b2624c98,True,True
1,ttdf_a1f4522870c7,exact,1,ttdf_a1f4522870c7,True,True
2,ttdf_88d02f070bad,exact,2,ttdf_88d02f070bad,True,True
3,ttdf_acf64105ab0f,exact,3,ttdf_acf64105ab0f,True,True
4,ttdf_52e02b0074e9,exact,4,ttdf_52e02b0074e9,True,True
5,ttdf_28600db1173f,exact,5,ttdf_28600db1173f,True,True
6,ttdf_4bcc0bcb441d,exact,6,ttdf_4bcc0bcb441d,True,True
7,ttdf_c03e76b84f89,exact,7,ttdf_c03e76b84f89,True,True
8,ttdf_3890bd39e665,exact,8,ttdf_3890bd39e665,True,True
9,ttdf_7fa1ac8fa957,exact,9,ttdf_7fa1ac8fa957,True,True
10,ttdf_1897e88c19ac,exact,10,ttdf_1897e88c19ac,True,True
11,ttdf_2ad0d860622d,exact,11,ttdf_2ad0d860622d,True,True
12,ttdf_a180adf5caad,exact,12,ttdf_a180adf5caad,True,True
13,ttdf_2460d1e882f0,exact,13,ttdf_2460d1e882f0,True,True
14,ttdf_6c5b125b6094,exact,14,ttdf_6c5b125b6094,True,True
15,ttdf_ccbe76d8ecaa,exact,15,ttdf_ccbe76d8ecaa,True,True
16,ttdf_0dbc7c25bb47,exact,16,ttdf_0dbc7c25bb47,True,True
17,ttdf_287fde663010,exact,17,ttdf_287fde663010,True,True
18,ttdf_441384bb0445,exact,18,ttdf_441384bb0445,True,True
19,ttdf_178a8a0f527a,exact,19,ttdf_178a8a0f527a,True,True
20,ttdf_8d038da60286,exact,20,ttdf_8d038da60286,True,True
21,ttdf_7a8cd7efbc21,exact,21,ttdf_7a8cd7efbc21,True,True
22,ttdf_07480376bda3,exact,22,ttdf_07480376bda3,True,True
23,ttdf_230424364880,exact,23,ttdf_230424364880,True,True
24,ttdf_4b357fd5b95a,exact,24,ttdf_4b357fd5b95a,True,True
25,ttdf_3f2d4ea393f1,exact,25,ttdf_3f2d4ea393f1,True,True
26,ttdf_342238ec5a2f,exact,26,ttdf_342238ec5a2f,True,True
27,ttdf_4b29c1b00ae7,exact,27,ttdf_4b29c1b00ae7,True,True
28,ttdf_111e18412f56,exact,28,ttdf_111e18412f56,True,True
29,ttdf_06ba5fd3d7c3,exact,29,ttdf_06ba5fd3d7c3,True,True
30,ttdf_073c6869b54b,exact,30,ttdf_073c6869b54b,True,True
31,ttdf_666553ac6372,exact,31,ttdf_666553ac6372,True,True
32,ttdf_04b100a77d6b,exact,32,ttdf_04b100a77d6b,True,True
33,ttdf_44a69f3a000c,exact,33,ttdf_44a69f3a000c,True,True
34,ttdf_69d78b25ecdb,exact,34,ttdf_69d78b25ecdb,True,True
35,ttdf_6b382eec9221,exact,35,ttdf_6b382eec9221,True,True
36,ttdf_32f8db136cdc,exact,36,ttdf_32f8db136cdc,True,True
37,ttdf_91ce845dfc74,exact,37,ttdf_91ce845dfc74,True,True
38,ttdf_e53835bd8b41,exact,38,ttdf_e53835bd8b41,True,True
39,ttdf_69e7c7a49fab,exact,39,ttdf_69e7c7a49fab,True,True
40,ttdf_ee3338b844bc,exact,40,ttdf_ee3338b844bc,True,True
41,ttdf_a321a8fea7c6,exact,41,ttdf_a321a8fea7c6,True,True
42,ttdf_aea8532a868d,exact,42,ttdf_aea8532a868d,True,True
43,ttdf_66d5f1634190,exact,43,ttdf_66d5f1634190,True,True
44,ttdf_56bf89459e7b,exact,44,ttdf_56bf89459e7b,True,True
45,ttdf_2432f8fea920,exact,45,ttdf_2432f8fea920,True,True
46,ttdf_714fa6330c3c,exact,46,ttdf_714fa6330c3c,True,True
47,ttdf_450ce5ca6048,exact,47,ttdf_450ce5ca6048,True,True
48,ttdf_8e5da6fd9015,exact,48,ttdf_8e5da6fd9015,True,True
49,ttdf_57d7f411a136,exact,49,ttdf_57d7f411a136,True,True
50,ttdf_b9c7c5612106,exact,50,ttdf_b9c7c5612106,True,True
51,ttdf_d445e31ec556,exact,51,ttdf_d445e31ec556,True,True
52,ttdf_adc8691711e1,exact,52,ttdf_adc8691711e1,True,True
53,ttdf_b0378d970ec5,exact,53,ttdf_b0378d970ec5,True,True
54,ttdf_9c88a0d5bac6,exact,54,ttdf_9c88a0d5bac6,True,True
55,ttdf_4afe482200e9,exact,55,ttdf_4afe482200e9,True,True
56,ttdf_6664b63ddfd4,exact,56,ttdf_6664b63ddfd4,True,True
57,ttdf_e5021edcbcdb,exact,57,ttdf_e5021edcbcdb,True,True
58,ttdf_663a6484d0e5,exact,58,ttdf_663a6484d0e5,True,True
59,ttdf_3d16ba355ab3,exact,59,ttdf_3d16ba355ab3,True,True
60,ttdf_086b0471e443,exact,60,ttdf_086b0471e443,True,True
61,ttdf_18f30aeb87df,exact,61,ttdf_18f30aeb87df,True,True
62,ttdf_8b6bd6e0d113,exact,62,ttdf_8b6bd6e0d113,True,True
63,ttdf_9e944e9be9ad,exact,63,ttdf_9e944e9be9ad,True,True
64,ttdf_702a492e1d93,exact,64,ttdf_702a492e1d93,True,True
65,ttdf_1b88e197cf8c,exact,65,ttdf_1b88e197cf8c,True,True
66,ttdf_5e8ed8ea8e8c,exact,66,ttdf_5e8ed8ea8e8c,True,True
67,ttdf_feca9749fcb1,exact,67,ttdf_feca9749fcb1,True,True
68,ttdf_404c1b18b8c7,exact,68,ttdf_404c1b18b8c7,True,True
69,ttdf_1212887f9519,exact,69,ttdf_1212887f9519,True,True
70,ttdf_1944101ba044,exact,70,ttdf_1944101ba044,True,True
71,ttdf_c4b9bd3d8f9b,exact,71,ttdf_c4b9bd3d8f9b,True,True
72,ttdf_da8bde0dff1f,exact,72,ttdf_da8bde0dff1f,True,True
73,ttdf_33820d4ecd0d,exact,73,ttdf_33820d4ecd0d,True,True
74,ttdf_ab3e20f5b9f5,exact,74,ttdf_ab3e20f5b9f5,True,True
75,ttdf_adb0a11b7c8e,exact,75,ttdf_adb0a11b7c8e,True,True
76,ttdf_7ac454e86368,exact,76,ttdf_7ac454e86368,True,True
77,ttdf_29bfff643f76,exact,77,ttdf_29bfff643f76,True,True
78,ttdf_626b144f651f,exact,78,ttdf_626b144f651f,True,True
79,ttdf_709a6c29cef8,exact,79,ttdf_709a6c29cef8,True,True
80,ttdf_9ddbf3736946,exact,80,ttdf_9ddbf3736946,True,True
81,ttdf_415f443311b4,exact,81,ttdf_415f443311b4,True,True
82,ttdf_1da08641a085,exact,82,ttdf_1da08641a085,True,True
83,ttdf_a7f57d6e2366,exact,83,ttdf_a7f57d6e2366,True,True
84,ttdf_f143ef6a8d1a,exact,84,ttdf_f143ef6a8d1a,True,True
85,ttdf_4bf9490a9e1e,exact,85,ttdf_4bf9490a9e1e,True,True
86,ttdf_4fb15030a374,exact,86,ttdf_4fb15030a374,True,True
87,ttdf_3bd0f2ffa9c7,exact,87,ttdf_3bd0f2ffa9c7,True,True
88,ttdf_a007fb88e5a8,exact,88,ttdf_a007fb88e5a8,True,True
89,ttdf_095955eab09a,exact,89,ttdf_095955eab09a,True,True
90,ttdf_ebcc48b28d17,exact,90,ttdf_ebcc48b28d17,True,True
91,ttdf_69b205909ba2,exact,91,ttdf_69b205909ba2,True,True
92,ttdf_91c17367ae01,exact,92,ttdf_91c17367ae01,True,True
93,ttdf_6d5d2df8e87e,exact,93,ttdf_6d5d2df8e87e,True,True
94,ttdf_8a92a1d9bda8,exact,94,ttdf_8a92a1d9bda8,True,True
95,ttdf_57b5548d9406,exact,95,ttdf_57b5548d9406,True,True
96,ttdf_adb3076a4249,exact,96,ttdf_adb3076a4249,True,True
97,ttdf_dfa5d83b46bf,exact,97,ttdf_dfa5d83b46bf,True,True
98,ttdf_83a61f0aa532,exact,98,ttdf_83a61f0aa532,True,True
99,ttdf_1ae91b3255c9,exact,99,ttdf_1ae91b3255c9,True,True
100,ttdf_535a92504ff3,exact,100,ttdf_535a92504ff3,True,True
101,ttdf_27a65d5730a0,exact,101,ttdf_27a65d5730a0,True,True
102,ttdf_7c7e391ab5eb,exact,102,ttdf_7c7e391ab5eb,True,True
103,ttdf_7c2600233dfc,exact,103,ttdf_7c2600233dfc,True,True
104,ttdf_7e3b94e5852d,exact,104,ttdf_7e3b94e5852d,True,True
105,ttdf_27aa7816b261,exact,105,ttdf_27aa7816b261,True,True
106,ttdf_9da280149954,exact,106,ttdf_9da280149954,True,True
107,ttdf_f44f7cd5c652,exact,107,ttdf_f44f7cd5c652,True,True
108,ttdf_b0286c035ff7,exact,108,ttdf_b0286c035ff7,True,True
109,ttdf_c60223f1aab8,exact,109,ttdf_c60223f1aab8,True,True
110,ttdf_49ff06c5abb1,exact,110,ttdf_49ff06c5abb1,True,True
111,ttdf_0969cde120d2,exact,111,ttdf_0969cde120d2,True,True
112,ttdf_b02ae36ee259,exact,112,ttdf_b02ae36ee259,True,True
113,ttdf_88e4f6fda445,exact,113,ttdf_88e4f6fda445,True,True
114,ttdf_945346f2dc33,exact,114,ttdf_945346f2dc33,True,True
115,ttdf_3bbe27d74a4e,exact,115,ttdf_3bbe27d74a4e,True,True
116,ttdf_a27ee767b260,exact,116,ttdf_a27ee767b260,True,True
117,ttdf_1316b84679bc,exact,117,ttdf_1316b84679bc,True,True
118,ttdf_fc21110cb919,exact,118,ttdf_fc21110cb919,True,True
119,ttdf_490928952434,exact,119,ttdf_490928952434,True,True
120,ttdf_cfcc0bc5aede,exact,120,ttdf_cfcc0bc5aede,True,True
121,ttdf_918a1b8e247c,exact,121,ttdf_918a1b8e247c,True,True
122,ttdf_9ab3dd3108dd,exact,122,ttdf_9ab3dd3108dd,True,True
123,ttdf_ca94c57fb5b6,exact,123,ttdf_ca94c57fb5b6,True,True
124,ttdf_4536494ea7cc,exact,124,ttdf_4536494ea7cc,True,True
125,ttdf_3bb23ee2abb5,exact,125,ttdf_3bb23ee2abb5,True,True
126,ttdf_2069d281661f,exact,126,ttdf_2069d281661f,True,True
127,ttdf_2fe2055ebf7a,exact,127,ttdf_2fe2055ebf7a,True,True
128,ttdf_e9eafc0422f4,exact,128,ttdf_e9eafc0422f4,True,True
129,ttdf_5aa8cec97f8c,exact,129,ttdf_5aa8cec97f8c,True,True
130,ttdf_f54696c90839,exact,130,ttdf_f54696c90839,True,True
131,ttdf_1383b56ac315,exact,131,ttdf_1383b56ac315,True,True
132,ttdf_5ea97b9d2894,exact,132,ttdf_5ea97b9d2894,True,True
133,ttdf_c9965f79c448,exact,133,ttdf_c9965f79c448,True,True
134,ttdf_1691c4ac38d4,exact,134,ttdf_1691c4ac38d4,True,True
135,ttdf_6ef88f415ec8,exact,135,ttdf_6ef88f415ec8,True,True
136,ttdf_1cc8cb9986f0,exact,136,ttdf_1cc8cb9986f0,True,True
137,ttdf_76ae9ab480c4,exact,137,ttdf_76ae9ab480c4,True,True
138,ttdf_0912a2d9b2db,exact,138,ttdf_0912a2d9b2db,True,True
139,ttdf_05e5d3a5124e,exact,139,ttdf_05e5d3a5124e,True,True
140,ttdf_1497a25303af,exact,140,ttdf_1497a25303af,True,True
141,ttdf_e26fa047f4d8,exact,141,ttdf_e26fa047f4d8,True,True
142,ttdf_9a9ce195b513,exact,142,ttdf_9a9ce195b513,True,True
143,ttdf_7ad3b54cb7ef,exact,143,ttdf_7ad3b54cb7ef,True,True
144,ttdf_14c55897ced2,exact,144,ttdf_14c55897ced2,True,True
145,ttdf_36b57efe7392,exact,145,ttdf_36b57efe7392,True,True
146,ttdf_59367ab6b4d7,exact,146,ttdf_59367ab6b4d7,True,True
147,ttdf_42f2393a5eeb,exact,147,ttdf_42f2393a5eeb,True,True
148,ttdf_31c2cfd49449,exact,148,ttdf_31c2cfd49449,True,True
149,ttdf_65a3039cd6ed,exact,149,ttdf_65a3039cd6ed,True,True
150,ttdf_3d662a8b3d5d,exact,150,ttdf_3d662a8b3d5d,True,True
151,ttdf_c6bcd1f43a83,exact,151,ttdf_c6bcd1f43a83,True,True
152,ttdf_72d564577ea1,exact,152,ttdf_72d564577ea1,True,True
153,ttdf_0313a502dad3,exact,153,ttdf_0313a502dad3,True,True
154,ttdf_b2b56b137c8b,exact,154,ttdf_b2b56b137c8b,True,True
155,ttdf_5aab74ea6a97,exact,155,ttdf_5aab74ea6a97,True,True
156,ttdf_4f4cfd571d97,exact,156,ttdf_4f4cfd571d97,True,True
157,ttdf_b83412597b54,exact,157,ttdf_b83412597b54,True,True
158,ttdf_51827948d322,exact,158,ttdf_51827948d322,True,True
159,ttdf_4202fca7f96c,exact,159,ttdf_4202fca7f96c,True,True
160,ttdf_022175aa5072,exact,160,ttdf_022175aa5072,True,True
161,ttdf_9c6752ff7b15,exact,161,ttdf_9c6752ff7b15,True,True
162,ttdf_679788a6eb45,exact,162,ttdf_679788a6eb45,True,True
163,ttdf_90db64712927,exact,163,ttdf_90db64712927,True,True
164,ttdf_ca9108b44831,exact,164,ttdf_ca9108b44831,True,True
165,ttdf_3a37de07c8f3,exact,165,ttdf_3a37de07c8f3,True,True
166,ttdf_dcb87329f6b3,exact,166,ttdf_dcb87329f6b3,True,True
167,ttdf_3ec78e041369,exact,167,ttdf_3ec78e041369,True,True
168,ttdf_47d6bafc289b,exact,168,ttdf_47d6bafc289b,True,True
169,ttdf_83ebd07be4f3,exact,169,ttdf_83ebd07be4f3,True,True
170,ttdf_363162f7a59a,exact,170,ttdf_363162f7a59a,True,True
171,ttdf_4567fb432b15,exact,171,ttdf_4567fb432b15,True,True
172,ttdf_19f08919b197,exact,172,ttdf_19f08919b197,True,True
173,ttdf_451069ca1428,exact,173,ttdf_451069ca1428,True,True
174,ttdf_72456fbaceec,exact,174,ttdf_72456fbaceec,True,True
175,ttdf_c918ff392065,exact,175,ttdf_c918ff392065,True,True
176,ttdf_30262ae3333d,exact,176,ttdf_30262ae3333d,True,True
177,ttdf_1691d81231be,exact,177,ttdf_1691d81231be,True,True
178,ttdf_2e2717475c74,exact,178,ttdf_2e2717475c74,True,True
179,ttdf_6fd76deaf2ef,exact,179,ttdf_6fd76deaf2ef,True,True
180,ttdf_147d31b4dfa6,exact,180,ttdf_147d31b4dfa6,True,True
181,ttdf_f819339eabcf,exact,181,ttdf_f819339eabcf,True,True
182,ttdf_11e60195255a,exact,182,ttdf_11e60195255a,True,True
183,ttdf_b58eafc1260c,exact,183,ttdf_b58eafc1260c,True,True
184,ttdf_d4145b9444ed,exact,184,ttdf_d4145b9444ed,True,True
185,ttdf_3cd519865c59,exact,185,ttdf_3cd519865c59,True,True
186,ttdf_4cec37f76993,exact,186,ttdf_4cec37f76993,True,True
187,ttdf_c52a7e265e33,exact,187,ttdf_c52a7e265e33,True,True
188,ttdf_2b986e6bdea7,exact,188,ttdf_2b986e6bdea7,True,True
189,ttdf_612e10b789bc,exact,189,ttdf_612e10b789bc,True,True
190,ttdf_a4c6ec0562d9,exact,190,ttdf_a4c6ec0562d9,True,True
191,ttdf_4a3fc5debb9d,exact,191,ttdf_4a3fc5debb9d,True,True
192,ttdf_2bc38c9c4e20,exact,192,ttdf_2bc38c9c4e20,True,True
193,ttdf_5ab1d2b6b663,exact,193,ttdf_5ab1d2b6b663,True,True
194,ttdf_688d7095b683,exact,194,ttdf_688d7095b683,True,True
195,ttdf_1248c57efcc6,exact,195,ttdf_1248c57efcc6,True,True
196,ttdf_a22ec997fe59,exact,196,ttdf_a22ec997fe59,True,True
197,ttdf_319508cf581c,exact,197,ttdf_319508cf581c,True,True
198,ttdf_dafc1b2ddacc,exact,198,ttdf_dafc1b2ddacc,True,True
199,ttdf_8d8527bbdc03,exact,199,ttdf_8d8527bbdc03,True,True
200,ttdf_57b10ed8cf78,exact,200,ttdf_57b10ed8cf78,True,True
201,ttdf_b0341ac4c9aa,exact,201,ttdf_b0341ac4c9aa,True,True
202,ttdf_17d9120659cf,exact,202,ttdf_17d9120659cf,True,True
203,ttdf_005efca1844f,exact,203,ttdf_005efca1844f,True,True
204,ttdf_8b058331392f,exact,204,ttdf_8b058331392f,True,True
205,ttdf_b04dd3250bb1,exact,205,ttdf_b04dd3250bb1,True,True
206,ttdf_f4e3251080e5,exact,206,ttdf_f4e3251080e5,True,True
207,ttdf_d2a895e12a22,exact,207,ttdf_d2a895e12a22,True,True
208,ttdf_b0e1313215db,exact,208,ttdf_b0e1313215db,True,True
209,ttdf_5f2eb8ec39ec,exact,209,ttdf_5f2eb8ec39ec,True,True
210,ttdf_106079237341,exact,210,ttdf_106079237341,True,True
211,ttdf_30604a02a4a5,exact,211,ttdf_30604a02a4a5,True,True
212,ttdf_044a60c4e27e,exact,212,ttdf_044a60c4e27e,True,True
213,ttdf_05d62bcf105b,exact,213,ttdf_05d62bcf105b,True,True
214,ttdf_9608810991a9,exact,214,ttdf_9608810991a9,True,True
215,ttdf_9236b2118b75,exact,215,ttdf_9236b2118b75,True,True
216,ttdf_388100fe8a5d,exact,216,ttdf_388100fe8a5d,True,True
217,ttdf_04b00af46982,exact,217,ttdf_04b00af46982,True,True
218,ttdf_8255f00ac007,exact,218,ttdf_8255f00ac007,True,True
219,ttdf_1774ca010efd,exact,219,ttdf_1774ca010efd,True,True
220,ttdf_5c1811f269c9,exact,220,ttdf_5c1811f269c9,True,True
221,ttdf_00e8c3231e5f,exact,221,ttdf_00e8c3231e5f,True,True
222,ttdf_4e2a3eb7132f,exact,222,ttdf_4e2a3eb7132f,True,True
223,ttdf_7259ee23f0ab,exact,223,ttdf_7259ee23f0ab,True,True
224,ttdf_345e33c16f78,exact,224,ttdf_345e33c16f78,True,True
225,ttdf_102b350308ae,exact,225,ttdf_102b350308ae,True,True
226,ttdf_2345b4ed0bee,exact,226,ttdf_2345b4ed0bee,True,True
227,ttdf_ba79321fa94d,exact,227,ttdf_ba79321fa94d,True,True
228,ttdf_3f37a8742f19,exact,228,ttdf_3f37a8742f19,True,True
229,ttdf_e4e89fb61074,exact,229,ttdf_e4e89fb61074,True,True
230,ttdf_688d7dfd53e2,exact,230,ttdf_688d7dfd53e2,True,True
231,ttdf_2537c818df85,exact,231,ttdf_2537c818df85,True,True
232,ttdf_73a95eb94f13,exact,232,ttdf_73a95eb94f13,True,True
233,ttdf_ad5b49a1c4ab,exact,233,ttdf_ad5b49a1c4ab,True,True
234,ttdf_f5291abb4df5,exact,234,ttdf_f5291abb4df5,True,True
235,ttdf_167a725e87ee,exact,235,ttdf_167a725e87ee,True,True
236,ttdf_29a5374ffa1c,exact,236,ttdf_29a5374ffa1c,True,True
237,ttdf_532d50f0732d,exact,237,ttdf_532d50f0732d,True,True
238,ttdf_f21e2b3a1df3,exact,238,ttdf_f21e2b3a1df3,True,True
239,ttdf_ed4a7e43fad4,exact,239,ttdf_ed4a7e43fad4,True,True
240,ttdf_9be7c6634296,exact,240,ttdf_9be7c6634296,True,True
241,ttdf_4b8a1b98da61,exact,241,ttdf_4b8a1b98da61,True,True
242,ttdf_35d84caa80a4,exact,242,ttdf_35d84caa80a4,True,True
243,ttdf_bfbb9cf450ca,exact,243,ttdf_bfbb9cf450ca,True,True
244,ttdf_8f88fd432c9f,exact,244,ttdf_8f88fd432c9f,True,True
245,ttdf_73596c9703cc,exact,245,ttdf_73596c9703cc,True,True
246,ttdf_598754ab0b49,exact,246,ttdf_598754ab0b49,True,True
247,ttdf_8c4efd16cc6a,exact,247,ttdf_8c4efd16cc6a,True,True
248,ttdf_272ce16153d2,exact,248,ttdf_272ce16153d2,True,True
249,ttdf_adabb13832c4,exact,249,ttdf_adabb13832c4,True,True
250,ttdf_2416d321d9dc,exact,250,ttdf_2416d321d9dc,True,True
251,ttdf_2b7b2e5311b5,exact,251,ttdf_2b7b2e5311b5,True,True
252,ttdf_8db5901e0f81,exact,252,ttdf_8db5901e0f81,True,True
253,ttdf_c4f4e5696839,exact,253,ttdf_c4f4e5696839,True,True
254,ttdf_3e34cd422236,exact,254,ttdf_3e34cd422236,True,True
255,ttdf_babe92909820,exact,255,ttdf_babe92909820,True,True
256,ttdf_42d2995a6f40,exact,256,ttdf_42d2995a6f40,True,True
257,ttdf_1ae468c27d05,exact,257,ttdf_1ae468c27d05,True,True
258,ttdf_deae1f887c12,exact,258,ttdf_deae1f887c12,True,True
259,ttdf_1900644b6130,exact,259,ttdf_1900644b6130,True,True
260,ttdf_0544aaee4722,exact,260,ttdf_0544aaee4722,True,True
261,ttdf_976c382204d3,exact,261,ttdf_976c382204d3,True,True
262,ttdf_f6b2887c6919,exact,262,ttdf_f6b2887c6919,True,True
263,ttdf_1ed80d92835f,exact,263,ttdf_1ed80d92835f,True,True
264,ttdf_7f5e25dcaf3a,exact,264,ttdf_7f5e25dcaf3a,True,True
265,ttdf_4b355213991f,exact,265,ttdf_4b355213991f,True,True
266,ttdf_4258c552ac5e,exact,266,ttdf_4258c552ac5e,True,True
267,ttdf_0be5b6cb75ae,exact,267,ttdf_0be5b6cb75ae,True,True
268,ttdf_71260bf92acb,exact,268,ttdf_71260bf92acb,True,True
269,ttdf_45c1968f9754,exact,269,ttdf_45c1968f9754,True,True
270,ttdf_8209223201ed,exact,270,ttdf_8209223201ed,True,True
271,ttdf_5808df6fd315,exact,271,ttdf_5808df6fd315,True,True
272,ttdf_2e4c515a13ac,exact,272,ttdf_2e4c515a13ac,True,True
273,ttdf_042a02215c83,exact,273,ttdf_042a02215c83,True,True
274,ttdf_043985a8ce1c,exact,274,ttdf_043985a8ce1c,True,True
275,ttdf_4dd3d4ca918b,exact,275,ttdf_4dd3d4ca918b,True,True
276,ttdf_942dab9f4ab7,exact,276,ttdf_942dab9f4ab7,True,True
277,ttdf_89a5963f242c,exact,277,ttdf_89a5963f242c,True,True
278,ttdf_8a92590fcafb,exact,278,ttdf_8a92590fcafb,True,True
279,ttdf_a6da9c250e6d,exact,279,ttdf_a6da9c250e6d,True,True
280,ttdf_2f4bbfee307c,exact,280,ttdf_2f4bbfee307c,True,True
281,ttdf_1f0b826e72d8,exact,281,ttdf_1f0b826e72d8,True,True
282,ttdf_bc49970de090,exact,282,ttdf_bc49970de090,True,True
283,ttdf_2c2b2a75f3d9,exact,283,ttdf_2c2b2a75f3d9,True,True
284,ttdf_389d3366f389,exact,284,ttdf_389d3366f389,True,True
285,ttdf_8e8f45395b58,exact,285,ttdf_8e8f45395b58,True,True
286,ttdf_5fcd314270c9,exact,286,ttdf_5fcd314270c9,True,True
287,ttdf_74caba03ffa6,exact,287,ttdf_74caba03ffa6,True,True
288,ttdf_0e23839e393f,exact,288,ttdf_0e23839e393f,True,True
289,ttdf_9817de938d54,exact,289,ttdf_9817de938d54,True,True
290,ttdf_d03e5a45636d,exact,290,ttdf_d03e5a45636d,True,True
291,ttdf_fb2e22ddad48,exact,291,ttdf_fb2e22ddad48,True,True
292,ttdf_57df8d8c5bcb,exact,292,ttdf_57df8d8c5bcb,True,True
293,ttdf_57c581bfb890,exact,293,ttdf_57c581bfb890,True,True
294,ttdf_5180cb2f6371,exact,294,ttdf_5180cb2f6371,True,True
295,ttdf_a2107b27b9f6,exact,295,ttdf_a2107b27b9f6,True,True
296,ttdf_286cc86ff982,exact,296,ttdf_286cc86ff982,True,True
297,ttdf_3fbf368af327,exact,297,ttdf_3fbf368af327,True,True
298,ttdf_7966a158a707,exact,298,ttdf_7966a158a707,True,True
299,ttdf_30a35ee0f7b0,exact,299,ttdf_30a35ee0f7b0,True,True
