call_count_disclosed,dataset,fan_in_leakage,fan_out_leakage,gold_call_count,graph_edge_coverage,graph_leak_class,intermediate_variable_leakage,n_graph_edges_disclosed,operation_leakage,operation_sequence_leakage,passes_mode_budget,procedural_lead_count,query_mode,reference_source_coverage,schema_version,stage_label_count,stages_related_phrase,task_id
True,pilot4_train,0.0,0.0,3,2.0,COMPLETE,2,4,,,False,0,GOAL_BASED_IMPLICIT,1.0,ttdf.graph_leak.v1,5,True,ttdf4_1b03df165413
True,pilot4_train,0.0,0.0,3,1.0,COMPLETE,0,2,,,False,0,SEMI_IMPLICIT,0.0,ttdf.graph_leak.v1,0,True,ttdf4_e8c51b591fe3
True,pilot4_train,0.0,0.0,3,2.0,COMPLETE,2,4,,,False,0,GOAL_BASED_IMPLICIT,1.0,ttdf.graph_leak.v1,5,True,ttdf4_cc89c8d0a9d2
True,pilot4_train,0.0,0.0,6,1.6667,COMPLETE,6,10,,,False,1,GOAL_BASED_IMPLICIT,1.0,ttdf.graph_leak.v1,12,True,ttdf4_188f44ab6361
True,pilot4_train,0.0,0.0,6,0.8333,HIGH,0,5,,,False,0,SEMI_IMPLICIT,0.0,ttdf.graph_leak.v1,0,True,ttdf4_721736204541
True,pilot4_train,0.0,0.0,2,2.0,COMPLETE,1,2,,,False,1,GOAL_BASED_IMPLICIT,1.0,ttdf.graph_leak.v1,3,True,ttdf4_32a080d4233f
False,pilot4_train,0.0,0.0,2,0.0,NONE,0,0,,,True,0,SEMI_IMPLICIT,0.0,ttdf.graph_leak.v1,0,False,ttdf4_0452c29d058e
False,pilot4_train,0.0,0.0,6,0.4,MEDIUM,2,2,,,True,2,PROCEDURAL_EXPLICIT,0.4,ttdf.graph_leak.v1,2,False,ttdf4_5cf862f23bf7
True,pilot4_train,0.0,0.0,6,1.6,COMPLETE,5,8,,,False,0,GOAL_BASED_IMPLICIT,1.0,ttdf.graph_leak.v1,11,True,ttdf4_abaaf6587fcd
True,pilot4_train,0.0,0.0,8,1.875,COMPLETE,8,15,,,False,0,GOAL_BASED_IMPLICIT,1.0,ttdf.graph_leak.v1,16,True,ttdf4_f226396f6f2f
True,pilot4_train,0.0,0.0,8,0.875,COMPLETE,3,7,,,False,0,SEMI_IMPLICIT,0.375,ttdf.graph_leak.v1,0,True,ttdf4_9fab238f94b6
True,pilot4_train,0.0,0.0,5,1.6,COMPLETE,5,8,,,False,0,GOAL_BASED_IMPLICIT,1.0,ttdf.graph_leak.v1,10,True,ttdf4_7da0230c289f
True,pilot4_train,0.0,0.0,5,0.8,HIGH,1,4,,,False,0,SEMI_IMPLICIT,0.2,ttdf.graph_leak.v1,1,True,ttdf4_c6e3b29602c1
False,pilot4_train,0.0,0.0,3,0.5,HIGH,1,1,,,True,2,PROCEDURAL_EXPLICIT,0.5,ttdf.graph_leak.v1,1,False,ttdf4_550491141f8e
True,pilot4_train,0.0,0.0,3,1.5,COMPLETE,2,3,,,False,0,GOAL_BASED_IMPLICIT,1.0,ttdf.graph_leak.v1,5,True,ttdf4_c33c8c18f455
True,pilot4_train,0.0,0.0,2,2.0,COMPLETE,1,2,,,False,0,GOAL_BASED_IMPLICIT,1.0,ttdf.graph_leak.v1,3,True,ttdf4_f71e46792933
True,pilot4_train,0.0,0.0,2,1.0,COMPLETE,0,1,,,False,0,SEMI_IMPLICIT,0.0,ttdf.graph_leak.v1,0,True,ttdf4_bcc247ba5118
True,pilot4_train,0.0,0.0,7,1.5714,COMPLETE,7,11,,,False,0,GOAL_BASED_IMPLICIT,1.0,ttdf.graph_leak.v1,14,True,ttdf4_f4e4aa2dadf7
True,pilot4_train,0.0,0.0,7,0.8571,COMPLETE,0,6,,,False,0,SEMI_IMPLICIT,0.0,ttdf.graph_leak.v1,0,True,ttdf4_95f88fb93a17
True,pilot4_train,0.0,0.0,2,2.0,COMPLETE,1,2,,,False,0,GOAL_BASED_IMPLICIT,1.0,ttdf.graph_leak.v1,3,True,ttdf4_7628b3777150
True,pilot4_train,0.0,0.0,2,1.0,COMPLETE,0,1,,,False,0,SEMI_IMPLICIT,0.0,ttdf.graph_leak.v1,0,True,ttdf4_a53fa51c190c
True,pilot4_train,0.0,0.0,3,2.0,COMPLETE,2,4,,,False,0,GOAL_BASED_IMPLICIT,1.0,ttdf.graph_leak.v1,5,True,ttdf4_525e616427cc
True,pilot4_train,0.0,0.0,3,1.0,COMPLETE,0,2,,,False,0,SEMI_IMPLICIT,0.0,ttdf.graph_leak.v1,0,True,ttdf4_9f73e581e1ee
True,pilot4_train,0.0,0.0,6,0.8333,HIGH,1,5,,,False,0,SEMI_IMPLICIT,0.1667,ttdf.graph_leak.v1,0,True,ttdf4_4a3b07bffd0c
True,pilot4_train,0.0,0.0,6,1.8333,COMPLETE,6,11,,,False,0,GOAL_BASED_IMPLICIT,1.0,ttdf.graph_leak.v1,12,True,ttdf4_bf10d06a5ee6
True,pilot4_train,0.0,0.0,2,2.0,COMPLETE,1,2,,,False,0,GOAL_BASED_IMPLICIT,1.0,ttdf.graph_leak.v1,3,True,ttdf4_7d496e63f92a
True,pilot4_train,0.0,0.0,2,1.0,COMPLETE,0,1,,,False,0,SEMI_IMPLICIT,0.0,ttdf.graph_leak.v1,0,True,ttdf4_93204e5ab903
True,pilot4_train,0.0,0.0,3,2.0,COMPLETE,2,4,,,False,0,GOAL_BASED_IMPLICIT,1.0,ttdf.graph_leak.v1,5,True,ttdf4_e386b1fb9add
True,pilot4_train,0.0,0.0,3,1.0,COMPLETE,1,2,,,False,0,SEMI_IMPLICIT,0.5,ttdf.graph_leak.v1,0,True,ttdf4_acfeedab6487
True,pilot4_train,0.0,0.0,2,2.0,COMPLETE,1,2,,,False,0,GOAL_BASED_IMPLICIT,1.0,ttdf.graph_leak.v1,3,True,ttdf4_3f4571eb93ca
False,pilot4_train,0.0,0.0,2,0.0,NONE,0,0,,,True,0,SEMI_IMPLICIT,0.0,ttdf.graph_leak.v1,0,False,ttdf4_cd1649ebcc04
True,pilot4_train,0.0,0.0,2,2.0,COMPLETE,1,2,,,False,0,GOAL_BASED_IMPLICIT,1.0,ttdf.graph_leak.v1,3,True,ttdf4_68615eac23aa
True,pilot4_train,0.0,0.0,2,1.0,COMPLETE,0,1,,,False,0,SEMI_IMPLICIT,0.0,ttdf.graph_leak.v1,0,True,ttdf4_dd1906240dcf
True,pilot4_train,0.0,0.0,2,2.0,COMPLETE,1,2,,,False,0,GOAL_BASED_IMPLICIT,1.0,ttdf.graph_leak.v1,3,True,ttdf4_9463c5ec9a6b
False,pilot4_train,0.0,0.0,2,0.0,NONE,0,0,,,True,0,SEMI_IMPLICIT,0.0,ttdf.graph_leak.v1,0,False,ttdf4_3a4d391de04d
True,pilot4_train,0.0,0.0,7,1.75,COMPLETE,8,14,,,False,1,GOAL_BASED_IMPLICIT,1.0,ttdf.graph_leak.v1,15,True,ttdf4_4ac4b1f2f8a0
True,pilot4_train,0.0,0.0,7,0.75,HIGH,3,6,,,False,0,SEMI_IMPLICIT,0.375,ttdf.graph_leak.v1,1,True,ttdf4_d2a36f75b7a6
True,pilot4_train,0.0,0.0,4,1.6667,COMPLETE,3,5,,,False,0,GOAL_BASED_IMPLICIT,1.0,ttdf.graph_leak.v1,7,True,ttdf4_2d509bd64e72
True,pilot4_train,0.0,0.0,4,1.0,COMPLETE,0,3,,,False,0,SEMI_IMPLICIT,0.0,ttdf.graph_leak.v1,0,True,ttdf4_f2dceab7297f
True,pilot4_train,0.0,0.0,7,1.6667,COMPLETE,6,10,,,False,0,GOAL_BASED_IMPLICIT,1.0,ttdf.graph_leak.v1,13,True,ttdf4_97be5adcb565
True,pilot4_train,0.0,0.0,7,1.0,COMPLETE,2,6,,,False,0,SEMI_IMPLICIT,0.3333,ttdf.graph_leak.v1,1,True,ttdf4_c9459441ed6c
True,pilot4_train,0.0,0.0,4,1.6667,COMPLETE,3,5,,,False,0,GOAL_BASED_IMPLICIT,1.0,ttdf.graph_leak.v1,7,True,ttdf4_5d94b938ddeb
False,pilot4_train,0.0,0.0,4,0.6667,HIGH,2,2,,,True,2,PROCEDURAL_EXPLICIT,0.6667,ttdf.graph_leak.v1,2,False,ttdf4_0372a31254df
True,pilot4_train,0.0,0.0,3,2.0,COMPLETE,2,4,,,False,0,GOAL_BASED_IMPLICIT,1.0,ttdf.graph_leak.v1,5,True,ttdf4_75564ba3fee0
True,pilot4_train,0.0,0.0,3,1.0,COMPLETE,0,2,,,False,0,SEMI_IMPLICIT,0.0,ttdf.graph_leak.v1,0,True,ttdf4_ddb438494579
True,pilot4_train,0.0,0.0,4,1.6667,COMPLETE,3,5,,,False,0,GOAL_BASED_IMPLICIT,1.0,ttdf.graph_leak.v1,7,True,ttdf4_52a9ce8baa99
True,pilot4_train,0.0,0.0,4,1.0,COMPLETE,0,3,,,False,0,SEMI_IMPLICIT,0.0,ttdf.graph_leak.v1,0,True,ttdf4_60b4010306b5
True,pilot4_train,0.0,0.0,2,2.0,COMPLETE,1,2,,,False,0,GOAL_BASED_IMPLICIT,1.0,ttdf.graph_leak.v1,3,True,ttdf4_1e16fbceebea
False,pilot4_train,0.0,0.0,2,0.0,MEDIUM,0,0,,,True,0,PROCEDURAL_EXPLICIT,0.0,ttdf.graph_leak.v1,1,False,ttdf4_9db5acff0e21
True,pilot4_train,0.0,0.0,3,2.0,COMPLETE,2,4,,,False,0,GOAL_BASED_IMPLICIT,1.0,ttdf.graph_leak.v1,5,True,ttdf4_6bd1dc78976f
False,pilot4_train,0.0,0.0,3,0.0,MEDIUM,0,0,,,True,1,PROCEDURAL_EXPLICIT,0.0,ttdf.graph_leak.v1,1,False,ttdf4_c80e424b2d13
True,pilot4_train,0.0,0.0,4,1.6667,COMPLETE,3,5,,,False,0,GOAL_BASED_IMPLICIT,1.0,ttdf.graph_leak.v1,7,True,ttdf4_a5c80a6154ae
True,pilot4_train,0.0,0.0,4,1.0,COMPLETE,1,3,,,False,0,SEMI_IMPLICIT,0.3333,ttdf.graph_leak.v1,1,True,ttdf4_acc2495a7910
True,pilot4_train,0.0,0.0,3,1.6667,COMPLETE,3,5,,,False,0,GOAL_BASED_IMPLICIT,1.0,ttdf.graph_leak.v1,6,True,ttdf4_5e95801a8d49
True,pilot4_train,0.0,0.0,3,0.6667,HIGH,1,2,,,False,0,SEMI_IMPLICIT,0.3333,ttdf.graph_leak.v1,0,True,ttdf4_ffef7369194e
True,pilot4_train,0.0,0.0,2,2.0,COMPLETE,1,2,,,False,0,GOAL_BASED_IMPLICIT,1.0,ttdf.graph_leak.v1,3,True,ttdf4_5561b514b081
True,pilot4_train,0.0,0.0,2,1.0,COMPLETE,0,1,,,False,0,SEMI_IMPLICIT,0.0,ttdf.graph_leak.v1,0,True,ttdf4_f3aa68134d7b
True,pilot4_train,0.0,0.0,2,2.0,COMPLETE,1,2,,,False,0,GOAL_BASED_IMPLICIT,1.0,ttdf.graph_leak.v1,3,True,ttdf4_14af24a81bf6
True,pilot4_train,0.0,0.0,2,1.0,COMPLETE,0,1,,,False,0,SEMI_IMPLICIT,0.0,ttdf.graph_leak.v1,0,True,ttdf4_3b3b32e1c88d
True,pilot4_train,0.0,0.0,4,1.5,COMPLETE,4,6,,,False,0,GOAL_BASED_IMPLICIT,1.0,ttdf.graph_leak.v1,8,True,ttdf4_f22232c0783a
True,pilot4_train,0.0,0.0,4,0.75,HIGH,2,3,,,False,0,SEMI_IMPLICIT,0.5,ttdf.graph_leak.v1,1,True,ttdf4_3d0e2fae3c77
True,pilot4_train,0.0,0.0,2,2.0,COMPLETE,1,2,,,False,0,GOAL_BASED_IMPLICIT,1.0,ttdf.graph_leak.v1,3,True,ttdf4_ddf5022ccc80
False,pilot4_train,0.0,0.0,2,0.0,NONE,0,0,,,True,0,SEMI_IMPLICIT,0.0,ttdf.graph_leak.v1,0,False,ttdf4_0c525f49fe2a
True,pilot4_train,0.0,0.0,7,1.5,COMPLETE,6,9,,,False,0,GOAL_BASED_IMPLICIT,1.0,ttdf.graph_leak.v1,13,True,ttdf4_65f0b3986ddf
True,pilot4_train,0.0,0.0,7,1.0,COMPLETE,2,6,,,False,0,SEMI_IMPLICIT,0.3333,ttdf.graph_leak.v1,1,True,ttdf4_3029596b9330
True,pilot4_train,0.0,0.0,2,1.0,COMPLETE,0,1,,,False,0,SEMI_IMPLICIT,0.0,ttdf.graph_leak.v1,0,True,ttdf4_762d9a71c8cc
True,pilot4_train,0.0,0.0,2,2.0,COMPLETE,1,2,,,False,0,GOAL_BASED_IMPLICIT,1.0,ttdf.graph_leak.v1,3,True,ttdf4_64e767a6dea3
True,pilot4_train,0.0,0.0,5,1.0,COMPLETE,1,4,,,False,0,SEMI_IMPLICIT,0.25,ttdf.graph_leak.v1,1,True,ttdf4_a74fac2b9550
True,pilot4_train,0.0,0.0,5,1.75,COMPLETE,4,7,,,False,0,GOAL_BASED_IMPLICIT,1.0,ttdf.graph_leak.v1,9,True,ttdf4_1ba04285f941
True,pilot4_train,0.0,0.0,2,2.0,COMPLETE,1,2,,,False,0,GOAL_BASED_IMPLICIT,1.0,ttdf.graph_leak.v1,3,True,ttdf4_ee3fb9774437
False,pilot4_train,0.0,0.0,2,0.0,LOW,0,0,,,True,2,PROCEDURAL_EXPLICIT,0.0,ttdf.graph_leak.v1,0,False,ttdf4_b355fc3cf3cd
True,pilot4_train,0.0,0.0,5,1.6,COMPLETE,5,8,,,False,0,GOAL_BASED_IMPLICIT,1.0,ttdf.graph_leak.v1,10,True,ttdf4_a654b69540af
True,pilot4_train,0.0,0.0,5,0.8,HIGH,2,4,,,False,0,SEMI_IMPLICIT,0.4,ttdf.graph_leak.v1,1,True,ttdf4_3e2ab0575f9f
True,pilot4_train,0.0,0.0,4,1.75,COMPLETE,4,7,,,False,0,GOAL_BASED_IMPLICIT,1.0,ttdf.graph_leak.v1,8,True,ttdf4_de3c11503632
False,pilot4_train,1.0,1.0,4,0.5,HIGH,2,2,,,True,2,PROCEDURAL_EXPLICIT,0.5,ttdf.graph_leak.v1,3,False,ttdf4_2cd30620ca70
True,pilot4_train,0.0,0.0,3,1.0,COMPLETE,1,2,,,False,0,SEMI_IMPLICIT,0.5,ttdf.graph_leak.v1,0,True,ttdf4_3226c96b8f23
True,pilot4_train,0.0,0.0,3,2.0,COMPLETE,2,4,,,False,0,GOAL_BASED_IMPLICIT,1.0,ttdf.graph_leak.v1,5,True,ttdf4_2a637a88262a
False,pilot4_train,0.0,0.0,3,0.0,MEDIUM,0,0,,,True,1,PROCEDURAL_EXPLICIT,0.0,ttdf.graph_leak.v1,1,False,ttdf4_c6a14cca7be8
True,pilot4_train,0.0,0.0,3,2.0,COMPLETE,2,4,,,False,0,GOAL_BASED_IMPLICIT,1.0,ttdf.graph_leak.v1,5,True,ttdf4_2a221f74fef8
True,pilot4_train,0.0,0.0,2,2.0,COMPLETE,1,2,,,False,0,GOAL_BASED_IMPLICIT,1.0,ttdf.graph_leak.v1,3,True,ttdf4_2b56a3ca459a
False,pilot4_train,0.0,0.0,2,0.0,NONE,0,0,,,True,0,PROCEDURAL_EXPLICIT,0.0,ttdf.graph_leak.v1,0,False,ttdf4_9a32e50f9828
True,pilot4_train,0.0,0.0,3,1.5,COMPLETE,2,3,,,False,0,GOAL_BASED_IMPLICIT,1.0,ttdf.graph_leak.v1,5,True,ttdf4_132e5ac8a7bb
True,pilot4_train,0.0,0.0,3,1.0,COMPLETE,0,2,,,False,0,SEMI_IMPLICIT,0.0,ttdf.graph_leak.v1,0,True,ttdf4_e97066c915ad
True,pilot4_train,0.0,0.0,8,1.875,COMPLETE,8,15,,,False,0,GOAL_BASED_IMPLICIT,1.0,ttdf.graph_leak.v1,16,True,ttdf4_510495e4fc04
True,pilot4_train,0.0,0.0,8,0.875,COMPLETE,3,7,,,False,0,SEMI_IMPLICIT,0.375,ttdf.graph_leak.v1,1,True,ttdf4_05e1c19d891d
True,pilot4_train,0.0,0.0,3,2.0,COMPLETE,2,4,,,False,0,GOAL_BASED_IMPLICIT,1.0,ttdf.graph_leak.v1,5,True,ttdf4_5d4450adf21c
False,pilot4_train,0.0,0.0,3,0.0,LOW,0,0,,,True,2,PROCEDURAL_EXPLICIT,0.0,ttdf.graph_leak.v1,0,False,ttdf4_c55fd2034e54
True,pilot4_train,0.0,0.0,8,1.5714,COMPLETE,7,11,,,False,0,GOAL_BASED_IMPLICIT,1.0,ttdf.graph_leak.v1,15,True,ttdf4_093bcb4a9506
True,pilot4_train,1.0,1.0,8,1.0,COMPLETE,4,7,,,False,0,SEMI_IMPLICIT,0.5714,ttdf.graph_leak.v1,2,True,ttdf4_d795cd188bec
True,pilot4_train,0.0,0.0,7,1.7143,COMPLETE,7,12,,,False,0,GOAL_BASED_IMPLICIT,1.0,ttdf.graph_leak.v1,14,True,ttdf4_0d31936eb5db
True,pilot4_train,0.0,0.0,7,0.8571,COMPLETE,1,6,,,False,0,SEMI_IMPLICIT,0.1429,ttdf.graph_leak.v1,0,True,ttdf4_bb0840d85375
True,pilot4_train,0.0,0.0,2,2.0,COMPLETE,1,2,,,False,0,GOAL_BASED_IMPLICIT,1.0,ttdf.graph_leak.v1,3,True,ttdf4_5ee66f91a995
False,pilot4_train,0.0,0.0,2,0.0,NONE,0,0,,,True,0,SEMI_IMPLICIT,0.0,ttdf.graph_leak.v1,0,False,ttdf4_bc4d065ffa38
True,pilot4_train,0.0,0.0,5,1.6667,COMPLETE,6,10,,,False,0,GOAL_BASED_IMPLICIT,1.0,ttdf.graph_leak.v1,11,True,ttdf4_06968b24b8d6
True,pilot4_train,0.0,0.0,5,0.6667,HIGH,2,4,,,False,0,SEMI_IMPLICIT,0.3333,ttdf.graph_leak.v1,1,True,ttdf4_189dc44770c0
True,pilot4_train,0.0,0.0,6,1.8,COMPLETE,5,9,,,False,0,GOAL_BASED_IMPLICIT,1.0,ttdf.graph_leak.v1,11,True,ttdf4_6cc8851e4184
True,pilot4_train,0.0,0.0,6,1.0,COMPLETE,0,5,,,False,0,SEMI_IMPLICIT,0.0,ttdf.graph_leak.v1,0,True,ttdf4_2cdde95b05fd
True,pilot4_train,0.0,0.0,6,1.6,COMPLETE,5,8,,,False,0,GOAL_BASED_IMPLICIT,1.0,ttdf.graph_leak.v1,11,True,ttdf4_ef940e621944
True,pilot4_train,0.0,0.0,6,1.0,COMPLETE,2,5,,,False,0,SEMI_IMPLICIT,0.4,ttdf.graph_leak.v1,1,True,ttdf4_6fc5bce581b6
True,pilot4_train,0.0,0.0,6,1.7143,COMPLETE,7,12,,,False,0,GOAL_BASED_IMPLICIT,1.0,ttdf.graph_leak.v1,13,True,ttdf4_7f88c1d80225
True,pilot4_train,0.0,0.0,6,0.7143,HIGH,2,5,,,False,0,SEMI_IMPLICIT,0.2857,ttdf.graph_leak.v1,1,True,ttdf4_f43a65e7fa7c
True,pilot4_train,0.0,0.0,2,2.0,COMPLETE,1,2,,,False,0,GOAL_BASED_IMPLICIT,1.0,ttdf.graph_leak.v1,3,True,ttdf4_93c6cbc77b3f
False,pilot4_train,0.0,0.0,2,0.0,NONE,0,0,,,True,0,PROCEDURAL_EXPLICIT,0.0,ttdf.graph_leak.v1,0,False,ttdf4_158b71f0806a
True,pilot4_train,0.0,0.0,3,1.0,COMPLETE,1,2,,,False,0,SEMI_IMPLICIT,0.5,ttdf.graph_leak.v1,0,True,ttdf4_4f36ead2efd8
True,pilot4_train,0.0,0.0,3,2.0,COMPLETE,2,4,,,False,0,GOAL_BASED_IMPLICIT,1.0,ttdf.graph_leak.v1,5,True,ttdf4_0fa43aaa2d59
True,pilot4_train,0.0,0.0,5,0.8,HIGH,3,4,,,False,0,SEMI_IMPLICIT,0.6,ttdf.graph_leak.v1,2,True,ttdf4_d055d63540d5
True,pilot4_train,0.0,0.0,5,1.6,COMPLETE,5,8,,,False,0,GOAL_BASED_IMPLICIT,1.0,ttdf.graph_leak.v1,10,True,ttdf4_6ae3d8b40681
True,pilot4_train,0.0,0.0,2,2.0,COMPLETE,1,2,,,False,0,GOAL_BASED_IMPLICIT,1.0,ttdf.graph_leak.v1,3,True,ttdf4_03e848290c79
True,pilot4_train,0.0,0.0,2,1.0,COMPLETE,0,1,,,False,0,SEMI_IMPLICIT,0.0,ttdf.graph_leak.v1,0,True,ttdf4_44db9f68ccdf
True,pilot4_train,0.0,0.0,3,1.0,COMPLETE,0,2,,,False,0,SEMI_IMPLICIT,0.0,ttdf.graph_leak.v1,0,True,ttdf4_6ab22fb5a039
True,pilot4_train,0.0,0.0,3,2.0,COMPLETE,2,4,,,False,0,GOAL_BASED_IMPLICIT,1.0,ttdf.graph_leak.v1,5,True,ttdf4_3c71510e0c8e
True,pilot4_train,0.0,0.0,6,1.7143,COMPLETE,7,12,,,False,0,GOAL_BASED_IMPLICIT,1.0,ttdf.graph_leak.v1,13,True,ttdf4_9086fafa9056
False,pilot4_train,0.0,0.0,6,0.5714,HIGH,4,4,,,True,2,PROCEDURAL_EXPLICIT,0.5714,ttdf.graph_leak.v1,4,False,ttdf4_2e4fb04b7e44
True,pilot4_train,0.0,0.0,3,1.0,COMPLETE,0,2,,,False,0,SEMI_IMPLICIT,0.0,ttdf.graph_leak.v1,0,True,ttdf4_1aa7df89acd3
True,pilot4_train,0.0,0.0,3,2.0,COMPLETE,2,4,,,False,0,GOAL_BASED_IMPLICIT,1.0,ttdf.graph_leak.v1,5,True,ttdf4_9116a1e31c6f
True,pilot4_train,0.0,0.0,2,2.0,COMPLETE,1,2,,,False,0,GOAL_BASED_IMPLICIT,1.0,ttdf.graph_leak.v1,3,True,ttdf4_aa1db962e0a1
False,pilot4_train,0.0,0.0,2,0.0,LOW,0,0,,,True,2,PROCEDURAL_EXPLICIT,0.0,ttdf.graph_leak.v1,0,False,ttdf4_a87ac35b9c1b
True,pilot4_train,0.0,0.0,2,2.0,COMPLETE,1,2,,,False,0,GOAL_BASED_IMPLICIT,1.0,ttdf.graph_leak.v1,3,True,ttdf4_f38f429dd43b
False,pilot4_train,0.0,0.0,2,0.0,LOW,0,0,,,True,2,PROCEDURAL_EXPLICIT,0.0,ttdf.graph_leak.v1,0,False,ttdf4_57ae5e731540
True,pilot4_train,0.0,0.0,3,1.0,COMPLETE,1,2,,,False,0,SEMI_IMPLICIT,0.5,ttdf.graph_leak.v1,0,True,ttdf4_10d0034247c7
True,pilot4_train,0.0,0.0,3,2.0,COMPLETE,2,4,,,False,0,GOAL_BASED_IMPLICIT,1.0,ttdf.graph_leak.v1,5,True,ttdf4_de699dc44589
True,pilot4_train,1.0,1.0,5,1.5,COMPLETE,4,6,,,False,0,GOAL_BASED_IMPLICIT,1.0,ttdf.graph_leak.v1,9,True,ttdf4_4a9424c4121d
False,pilot4_train,1.0,1.0,5,0.5,HIGH,2,2,,,True,2,PROCEDURAL_EXPLICIT,0.5,ttdf.graph_leak.v1,2,False,ttdf4_d28e18c3f600
True,pilot4_train,0.0,0.0,3,2.0,COMPLETE,2,4,,,False,0,GOAL_BASED_IMPLICIT,1.0,ttdf.graph_leak.v1,5,True,ttdf4_8c594a0667ce
True,pilot4_train,1.0,1.0,3,1.0,COMPLETE,1,2,,,False,0,SEMI_IMPLICIT,0.5,ttdf.graph_leak.v1,0,True,ttdf4_4bdde920a3f4
True,pilot4_train,0.0,0.0,6,1.8333,COMPLETE,6,11,,,False,0,GOAL_BASED_IMPLICIT,1.0,ttdf.graph_leak.v1,12,True,ttdf4_1f2c2ae21c5f
True,pilot4_train,0.0,0.0,6,0.8333,HIGH,1,5,,,False,0,SEMI_IMPLICIT,0.1667,ttdf.graph_leak.v1,0,True,ttdf4_8273cc153d09
True,pilot4_train,0.0,0.0,2,2.0,COMPLETE,1,2,,,False,0,GOAL_BASED_IMPLICIT,1.0,ttdf.graph_leak.v1,3,True,ttdf4_e30f4d0d0a54
False,pilot4_train,0.0,0.0,2,0.0,NONE,0,0,,,True,1,PROCEDURAL_EXPLICIT,0.0,ttdf.graph_leak.v1,0,False,ttdf4_9e1e67bb0638
True,pilot4_train,0.0,0.0,4,1.6667,COMPLETE,3,5,,,False,0,GOAL_BASED_IMPLICIT,1.0,ttdf.graph_leak.v1,7,True,ttdf4_25b05a01de78
True,pilot4_train,0.0,0.0,4,1.0,COMPLETE,0,3,,,False,0,SEMI_IMPLICIT,0.0,ttdf.graph_leak.v1,0,True,ttdf4_873730db36e4
True,pilot4_train,0.0,0.0,2,2.0,COMPLETE,1,2,,,False,0,GOAL_BASED_IMPLICIT,1.0,ttdf.graph_leak.v1,3,True,ttdf4_80ee6c70472c
True,pilot4_train,0.0,0.0,2,1.0,COMPLETE,0,1,,,False,0,SEMI_IMPLICIT,0.0,ttdf.graph_leak.v1,0,True,ttdf4_3d4d06da9802
True,pilot4_train,0.0,0.0,3,0.6667,HIGH,1,2,,,False,0,SEMI_IMPLICIT,0.3333,ttdf.graph_leak.v1,0,True,ttdf4_8a3d20107a7d
True,pilot4_train,0.0,0.0,3,1.6667,COMPLETE,3,5,,,False,0,GOAL_BASED_IMPLICIT,1.0,ttdf.graph_leak.v1,6,True,ttdf4_69f875ced1a3
True,pilot4_train,0.0,0.0,4,1.6667,COMPLETE,3,5,,,False,0,GOAL_BASED_IMPLICIT,1.0,ttdf.graph_leak.v1,7,True,ttdf4_eb3d80fa79be
False,pilot4_train,0.0,0.0,4,0.3333,MEDIUM,1,1,,,True,2,PROCEDURAL_EXPLICIT,0.3333,ttdf.graph_leak.v1,1,False,ttdf4_9ee4350453f7
True,pilot4_train,0.0,0.0,3,1.6667,COMPLETE,3,5,,,False,0,GOAL_BASED_IMPLICIT,1.0,ttdf.graph_leak.v1,6,True,ttdf4_8d88ac463eb0
True,pilot4_train,0.0,0.0,3,0.6667,HIGH,1,2,,,False,0,SEMI_IMPLICIT,0.3333,ttdf.graph_leak.v1,0,True,ttdf4_a781a4004e85
True,pilot4_train,0.0,0.0,7,1.5,COMPLETE,6,9,,,False,0,GOAL_BASED_IMPLICIT,1.0,ttdf.graph_leak.v1,13,True,ttdf4_f35649b37188
False,pilot4_train,0.0,0.0,7,0.8333,HIGH,10,5,,,True,6,PROCEDURAL_EXPLICIT,1.0,ttdf.graph_leak.v1,5,False,ttdf4_4278e2c21dff
True,pilot4_train,0.0,0.0,3,1.0,COMPLETE,0,2,,,False,0,SEMI_IMPLICIT,0.0,ttdf.graph_leak.v1,0,True,ttdf4_4c7f05141ffb
True,pilot4_train,0.0,0.0,3,2.0,COMPLETE,2,4,,,False,0,GOAL_BASED_IMPLICIT,1.0,ttdf.graph_leak.v1,5,True,ttdf4_e8267586cdd4
True,pilot4_train,0.0,0.0,3,1.0,COMPLETE,0,2,,,False,0,SEMI_IMPLICIT,0.0,ttdf.graph_leak.v1,0,True,ttdf4_c8939e2eed8c
True,pilot4_train,0.0,0.0,3,2.0,COMPLETE,2,4,,,False,0,GOAL_BASED_IMPLICIT,1.0,ttdf.graph_leak.v1,5,True,ttdf4_d95bc5aaf332
True,pilot4_train,0.0,0.0,2,2.0,COMPLETE,1,2,,,False,0,GOAL_BASED_IMPLICIT,1.0,ttdf.graph_leak.v1,3,True,ttdf4_ca661cf95fb5
False,pilot4_train,0.0,0.0,2,0.0,NONE,0,0,,,True,0,SEMI_IMPLICIT,0.0,ttdf.graph_leak.v1,0,False,ttdf4_78fe4c7771f9
True,pilot4_train,0.0,0.0,2,2.0,COMPLETE,1,2,,,False,0,GOAL_BASED_IMPLICIT,1.0,ttdf.graph_leak.v1,3,True,ttdf4_091849b58b34
True,pilot4_train,1.0,1.0,2,1.0,COMPLETE,0,1,,,False,0,SEMI_IMPLICIT,0.0,ttdf.graph_leak.v1,0,True,ttdf4_9e038be9f55b
True,pilot4_train,0.0,0.0,2,2.0,COMPLETE,1,2,,,False,0,GOAL_BASED_IMPLICIT,1.0,ttdf.graph_leak.v1,3,True,ttdf4_9a430d2e11bb
False,pilot4_train,0.0,0.0,2,0.0,LOW,0,0,,,True,2,PROCEDURAL_EXPLICIT,0.0,ttdf.graph_leak.v1,0,False,ttdf4_7ddf89ed46cb
True,pilot4_train,0.0,0.0,2,2.0,COMPLETE,1,2,,,False,0,GOAL_BASED_IMPLICIT,1.0,ttdf.graph_leak.v1,3,True,ttdf4_768b780d158c
True,pilot4_train,0.0,0.0,2,1.0,COMPLETE,0,1,,,False,0,SEMI_IMPLICIT,0.0,ttdf.graph_leak.v1,0,True,ttdf4_f528efdb402a
True,pilot4_train,0.0,0.0,6,1.8,COMPLETE,5,9,,,False,0,GOAL_BASED_IMPLICIT,1.0,ttdf.graph_leak.v1,11,True,ttdf4_33c81fd91131
True,pilot4_train,0.0,0.0,6,1.0,COMPLETE,1,5,,,False,0,SEMI_IMPLICIT,0.2,ttdf.graph_leak.v1,0,True,ttdf4_e5dda66e73cd
True,pilot4_train,0.0,0.0,4,1.6667,COMPLETE,3,5,,,False,0,GOAL_BASED_IMPLICIT,1.0,ttdf.graph_leak.v1,7,True,ttdf4_08014d3b50fb
False,pilot4_train,0.0,0.0,4,0.3333,MEDIUM,1,1,,,True,2,PROCEDURAL_EXPLICIT,0.3333,ttdf.graph_leak.v1,1,False,ttdf4_bd7c42932bbe
True,pilot4_train,0.0,0.0,8,1.75,COMPLETE,8,14,,,False,0,GOAL_BASED_IMPLICIT,1.0,ttdf.graph_leak.v1,16,True,ttdf4_028c978cf2f1
False,pilot4_train,0.0,0.0,8,0.375,HIGH,3,3,,,True,6,PROCEDURAL_EXPLICIT,0.375,ttdf.graph_leak.v1,4,False,ttdf4_54121632d754
True,pilot4_train,0.0,0.0,2,2.0,COMPLETE,1,2,,,False,0,GOAL_BASED_IMPLICIT,1.0,ttdf.graph_leak.v1,3,True,ttdf4_8388e6eb913b
False,pilot4_train,0.0,0.0,2,0.0,NONE,0,0,,,True,0,SEMI_IMPLICIT,0.0,ttdf.graph_leak.v1,0,False,ttdf4_a5aa44ac9cf9
True,pilot4_train,0.0,0.0,8,1.5714,COMPLETE,7,11,,,False,0,GOAL_BASED_IMPLICIT,1.0,ttdf.graph_leak.v1,15,True,ttdf4_adcbe5863565
False,pilot4_train,0.0,0.0,8,0.5714,HIGH,4,4,,,True,2,PROCEDURAL_EXPLICIT,0.5714,ttdf.graph_leak.v1,4,False,ttdf4_001bbec143a5
True,pilot4_train,0.0,0.0,2,2.0,COMPLETE,1,2,,,False,0,GOAL_BASED_IMPLICIT,1.0,ttdf.graph_leak.v1,3,True,ttdf4_7c30ec110a07
False,pilot4_train,0.0,0.0,2,0.0,MEDIUM,0,0,,,True,0,PROCEDURAL_EXPLICIT,0.0,ttdf.graph_leak.v1,1,False,ttdf4_5fdc72ea4809
True,pilot4_train,0.0,0.0,3,2.0,COMPLETE,2,4,,,False,0,GOAL_BASED_IMPLICIT,1.0,ttdf.graph_leak.v1,5,True,ttdf4_a740fe322e10
True,pilot4_train,0.0,0.0,3,1.0,COMPLETE,1,2,,,False,0,SEMI_IMPLICIT,0.5,ttdf.graph_leak.v1,0,True,ttdf4_373e3455b2e7
True,pilot4_train,0.0,0.0,2,2.0,COMPLETE,1,2,,,False,0,GOAL_BASED_IMPLICIT,1.0,ttdf.graph_leak.v1,3,True,ttdf4_e094c8b894c4
True,pilot4_train,0.0,0.0,2,1.0,COMPLETE,0,1,,,False,0,SEMI_IMPLICIT,0.0,ttdf.graph_leak.v1,0,True,ttdf4_013f31520218
False,pilot4_train,1.0,1.0,6,0.3333,MEDIUM,6,2,,,True,5,PROCEDURAL_EXPLICIT,1.0,ttdf.graph_leak.v1,2,False,ttdf4_dfe17cb54269
True,pilot4_train,0.0,0.0,6,1.6667,COMPLETE,6,10,,,False,0,GOAL_BASED_IMPLICIT,1.0,ttdf.graph_leak.v1,12,True,ttdf4_b85306c4ff97
True,pilot4_train,1.0,1.0,5,1.8,COMPLETE,5,9,,,False,0,GOAL_BASED_IMPLICIT,1.0,ttdf.graph_leak.v1,10,True,ttdf4_bf8905a324ef
True,pilot4_train,1.0,1.0,5,0.8,HIGH,3,4,,,False,0,SEMI_IMPLICIT,0.6,ttdf.graph_leak.v1,2,True,ttdf4_eca1f0162b9b
True,pilot4_train,0.0,0.0,2,2.0,COMPLETE,1,2,,,False,0,GOAL_BASED_IMPLICIT,1.0,ttdf.graph_leak.v1,3,True,ttdf4_b6cf946f170c
True,pilot4_train,0.0,0.0,2,1.0,COMPLETE,0,1,,,False,0,SEMI_IMPLICIT,0.0,ttdf.graph_leak.v1,0,True,ttdf4_abef9941fbad
True,pilot4_train,0.0,0.0,2,2.0,COMPLETE,1,2,,,False,1,GOAL_BASED_IMPLICIT,1.0,ttdf.graph_leak.v1,3,True,ttdf4_d887aeb8be8e
False,pilot4_train,0.0,0.0,2,0.0,NONE,0,0,,,True,0,SEMI_IMPLICIT,0.0,ttdf.graph_leak.v1,0,False,ttdf4_aeb230feeef6
True,pilot4_train,0.0,0.0,7,1.0,COMPLETE,2,6,,,False,0,SEMI_IMPLICIT,0.3333,ttdf.graph_leak.v1,0,True,ttdf4_23a52b1094c2
True,pilot4_train,0.0,0.0,7,2.0,COMPLETE,6,12,,,False,0,GOAL_BASED_IMPLICIT,1.0,ttdf.graph_leak.v1,13,True,ttdf4_606c0ddceb27
True,pilot4_train,0.0,0.0,5,1.75,COMPLETE,4,7,,,False,0,GOAL_BASED_IMPLICIT,1.0,ttdf.graph_leak.v1,9,True,ttdf4_13d619d314d2
True,pilot4_train,0.0,0.0,5,1.0,COMPLETE,0,4,,,False,0,SEMI_IMPLICIT,0.0,ttdf.graph_leak.v1,0,True,ttdf4_99463296fb6a
True,pilot4_train,0.0,0.0,8,1.8571,COMPLETE,7,13,,,False,0,GOAL_BASED_IMPLICIT,1.0,ttdf.graph_leak.v1,15,True,ttdf4_a752ceff5490
True,pilot4_train,0.0,0.0,8,1.0,COMPLETE,2,7,,,False,0,SEMI_IMPLICIT,0.2857,ttdf.graph_leak.v1,0,True,ttdf4_83cf14617cbf
True,pilot4_train,0.0,0.0,4,1.5,COMPLETE,4,6,,,False,0,GOAL_BASED_IMPLICIT,1.0,ttdf.graph_leak.v1,8,True,ttdf4_17fde81d83b7
True,pilot4_train,0.0,0.0,4,0.75,HIGH,0,3,,,False,0,SEMI_IMPLICIT,0.0,ttdf.graph_leak.v1,0,True,ttdf4_29c134fae72c
False,pilot4_train,0.0,0.0,4,0.3333,MEDIUM,3,1,,,True,3,PROCEDURAL_EXPLICIT,1.0,ttdf.graph_leak.v1,1,False,ttdf4_84f9e6c6e5d9
True,pilot4_train,0.0,0.0,4,1.6667,COMPLETE,3,5,,,False,0,GOAL_BASED_IMPLICIT,1.0,ttdf.graph_leak.v1,7,True,ttdf4_32ffd4311831
True,pilot4_train,0.0,0.0,3,2.0,COMPLETE,2,4,,,False,0,GOAL_BASED_IMPLICIT,1.0,ttdf.graph_leak.v1,5,True,ttdf4_f298087ccffb
False,pilot4_train,0.0,0.0,3,0.0,LOW,1,0,,,True,2,PROCEDURAL_EXPLICIT,0.5,ttdf.graph_leak.v1,0,False,ttdf4_8d5d051030df
False,pilot4_train,1.0,1.0,4,0.6667,HIGH,2,2,,,True,2,PROCEDURAL_EXPLICIT,0.6667,ttdf.graph_leak.v1,3,False,ttdf4_a4c638c5fbfb
True,pilot4_train,0.0,0.0,4,1.6667,COMPLETE,3,5,,,False,0,GOAL_BASED_IMPLICIT,1.0,ttdf.graph_leak.v1,7,True,ttdf4_4ce2dae6ec77
True,pilot4_train,0.0,0.0,5,1.75,COMPLETE,4,7,,,False,0,GOAL_BASED_IMPLICIT,1.0,ttdf.graph_leak.v1,9,True,ttdf4_b9b1d0727c44
False,pilot4_train,0.0,0.0,5,0.5,HIGH,5,2,,,True,4,PROCEDURAL_EXPLICIT,1.0,ttdf.graph_leak.v1,2,False,ttdf4_758865998ba1
True,pilot4_train,0.0,0.0,4,1.5,COMPLETE,4,6,,,False,0,GOAL_BASED_IMPLICIT,1.0,ttdf.graph_leak.v1,8,True,ttdf4_c84f62004189
True,pilot4_train,0.0,0.0,4,0.75,HIGH,0,3,,,False,0,SEMI_IMPLICIT,0.0,ttdf.graph_leak.v1,0,True,ttdf4_af69ee15657c
True,pilot4_train,1.0,1.0,3,1.0,COMPLETE,0,2,,,False,0,SEMI_IMPLICIT,0.0,ttdf.graph_leak.v1,0,True,ttdf4_0da180b5c81d
True,pilot4_train,1.0,1.0,3,2.0,COMPLETE,2,4,,,False,0,GOAL_BASED_IMPLICIT,1.0,ttdf.graph_leak.v1,5,True,ttdf4_ea7ae557c07b
True,pilot4_train,1.0,1.0,8,1.7143,COMPLETE,7,12,,,False,0,GOAL_BASED_IMPLICIT,1.0,ttdf.graph_leak.v1,15,True,ttdf4_97d968ef8cdb
True,pilot4_train,0.0,0.0,8,1.0,COMPLETE,3,7,,,False,0,SEMI_IMPLICIT,0.4286,ttdf.graph_leak.v1,2,True,ttdf4_ecee2797516d
True,pilot4_train,0.0,0.0,2,2.0,COMPLETE,1,2,,,False,0,GOAL_BASED_IMPLICIT,1.0,ttdf.graph_leak.v1,3,True,ttdf4_b0df18ae775c
False,pilot4_train,0.0,0.0,2,0.0,NONE,0,0,,,True,1,PROCEDURAL_EXPLICIT,0.0,ttdf.graph_leak.v1,0,False,ttdf4_4378258d8aeb
True,pilot4_train,0.0,0.0,5,1.75,COMPLETE,4,7,,,False,0,GOAL_BASED_IMPLICIT,1.0,ttdf.graph_leak.v1,9,True,ttdf4_b52988331363
True,pilot4_train,0.0,0.0,5,1.0,COMPLETE,0,4,,,False,0,SEMI_IMPLICIT,0.0,ttdf.graph_leak.v1,0,True,ttdf4_0e805a0dee72
True,pilot4_train,0.0,0.0,3,1.0,COMPLETE,1,2,,,False,0,SEMI_IMPLICIT,0.5,ttdf.graph_leak.v1,0,True,ttdf4_fb17259a881e
True,pilot4_train,0.0,0.0,3,2.0,COMPLETE,2,4,,,False,0,GOAL_BASED_IMPLICIT,1.0,ttdf.graph_leak.v1,5,True,ttdf4_2aab02b35701
True,pilot4_train,0.0,0.0,4,1.6,COMPLETE,5,8,,,False,0,GOAL_BASED_IMPLICIT,1.0,ttdf.graph_leak.v1,9,True,ttdf4_7341cc8a57ef
True,pilot4_train,0.0,0.0,4,0.6,HIGH,0,3,,,False,0,SEMI_IMPLICIT,0.0,ttdf.graph_leak.v1,0,True,ttdf4_d518d8edd887
True,pilot4_train,0.0,0.0,7,1.8333,COMPLETE,6,11,,,False,0,GOAL_BASED_IMPLICIT,1.0,ttdf.graph_leak.v1,13,True,ttdf4_79f985d15a91
False,pilot4_train,1.0,1.0,7,0.3333,MEDIUM,2,2,,,True,5,PROCEDURAL_EXPLICIT,0.3333,ttdf.graph_leak.v1,2,False,ttdf4_6e6271e0c6c8
True,pilot4_train,0.0,0.0,3,1.5,COMPLETE,2,3,,,False,0,GOAL_BASED_IMPLICIT,1.0,ttdf.graph_leak.v1,5,True,ttdf4_bf7a5061ff68
True,pilot4_train,0.0,0.0,3,1.0,COMPLETE,0,2,,,False,0,SEMI_IMPLICIT,0.0,ttdf.graph_leak.v1,0,True,ttdf4_e77490961c4f
True,pilot4_train,0.0,0.0,5,1.6,COMPLETE,5,8,,,False,0,GOAL_BASED_IMPLICIT,1.0,ttdf.graph_leak.v1,10,True,ttdf4_046a7f1b6793
True,pilot4_train,0.0,0.0,5,0.8,HIGH,2,4,,,False,0,SEMI_IMPLICIT,0.4,ttdf.graph_leak.v1,1,True,ttdf4_7e1babffe3fc
True,pilot4_train,0.0,0.0,5,1.6,COMPLETE,5,8,,,False,0,GOAL_BASED_IMPLICIT,1.0,ttdf.graph_leak.v1,10,True,ttdf4_5f7cbc4e8df6
True,pilot4_train,0.0,0.0,5,0.8,HIGH,2,4,,,False,0,SEMI_IMPLICIT,0.4,ttdf.graph_leak.v1,1,True,ttdf4_832f3d28cb8a
True,pilot4_train,0.0,0.0,3,2.0,COMPLETE,2,4,,,False,0,GOAL_BASED_IMPLICIT,1.0,ttdf.graph_leak.v1,5,True,ttdf4_c3f46c7046c0
True,pilot4_train,0.0,0.0,3,1.0,COMPLETE,1,2,,,False,0,SEMI_IMPLICIT,0.5,ttdf.graph_leak.v1,0,True,ttdf4_317420300735
True,pilot4_train,0.0,0.0,8,1.625,COMPLETE,8,13,,,False,0,GOAL_BASED_IMPLICIT,1.0,ttdf.graph_leak.v1,16,True,ttdf4_146aeee5432e
True,pilot4_train,0.0,0.0,8,0.875,COMPLETE,0,7,,,False,0,SEMI_IMPLICIT,0.0,ttdf.graph_leak.v1,0,True,ttdf4_2700b3f59f1d
True,pilot4_train,0.0,0.0,4,1.6667,COMPLETE,3,5,,,False,0,GOAL_BASED_IMPLICIT,1.0,ttdf.graph_leak.v1,7,True,ttdf4_003889a41f8c
False,pilot4_train,0.0,0.0,4,0.3333,MEDIUM,1,1,,,True,2,PROCEDURAL_EXPLICIT,0.3333,ttdf.graph_leak.v1,2,False,ttdf4_4af4201d9ccf
True,pilot4_train,0.0,0.0,4,1.6667,COMPLETE,3,5,,,False,0,GOAL_BASED_IMPLICIT,1.0,ttdf.graph_leak.v1,7,True,ttdf4_18c11c49d3b1
True,pilot4_train,0.0,0.0,4,1.0,COMPLETE,0,3,,,False,0,SEMI_IMPLICIT,0.0,ttdf.graph_leak.v1,0,True,ttdf4_8266f242f5e3
True,pilot4_train,0.0,0.0,2,2.0,COMPLETE,1,2,,,False,0,GOAL_BASED_IMPLICIT,1.0,ttdf.graph_leak.v1,3,True,ttdf4_3ecc0a015be2
False,pilot4_train,0.0,0.0,2,0.0,LOW,0,0,,,True,2,PROCEDURAL_EXPLICIT,0.0,ttdf.graph_leak.v1,0,False,ttdf4_2122f4bebea0
True,pilot4_train,0.0,0.0,2,2.0,COMPLETE,1,2,,,False,0,GOAL_BASED_IMPLICIT,1.0,ttdf.graph_leak.v1,3,True,ttdf4_1c2d81c93848
False,pilot4_train,0.0,0.0,2,0.0,NONE,0,0,,,True,0,PROCEDURAL_EXPLICIT,0.0,ttdf.graph_leak.v1,0,False,ttdf4_cadd00c1a788
True,pilot4_train,1.0,1.0,3,1.0,COMPLETE,1,2,,,False,0,SEMI_IMPLICIT,0.5,ttdf.graph_leak.v1,0,True,ttdf4_8bf0844da408
True,pilot4_train,1.0,1.0,3,2.0,COMPLETE,2,4,,,False,0,GOAL_BASED_IMPLICIT,1.0,ttdf.graph_leak.v1,5,True,ttdf4_4ef9779ce563
True,pilot4_train,0.0,0.0,2,2.0,COMPLETE,1,2,,,False,0,GOAL_BASED_IMPLICIT,1.0,ttdf.graph_leak.v1,3,True,ttdf4_9da896eb1347
False,pilot4_train,0.0,0.0,2,0.0,NONE,0,0,,,True,0,SEMI_IMPLICIT,0.0,ttdf.graph_leak.v1,0,False,ttdf4_8ceee35d03a2
True,pilot4_train,0.0,0.0,4,1.6667,COMPLETE,3,5,,,False,0,GOAL_BASED_IMPLICIT,1.0,ttdf.graph_leak.v1,7,True,ttdf4_96d4aaf0a6d0
False,pilot4_train,0.0,0.0,4,0.6667,HIGH,2,2,,,True,2,PROCEDURAL_EXPLICIT,0.6667,ttdf.graph_leak.v1,3,False,ttdf4_aa1756d7dbd7
True,pilot4_train,0.0,0.0,2,2.0,COMPLETE,1,2,,,False,0,GOAL_BASED_IMPLICIT,1.0,ttdf.graph_leak.v1,3,True,ttdf4_7690e67a40d2
False,pilot4_train,0.0,0.0,2,0.0,MEDIUM,0,0,,,True,0,PROCEDURAL_EXPLICIT,0.0,ttdf.graph_leak.v1,1,False,ttdf4_c58c61706a34
True,pilot4_train,0.0,0.0,3,2.0,COMPLETE,2,4,,,False,0,GOAL_BASED_IMPLICIT,1.0,ttdf.graph_leak.v1,5,True,ttdf4_41cd3322e4d8
True,pilot4_train,0.0,0.0,3,1.0,COMPLETE,0,2,,,False,0,SEMI_IMPLICIT,0.0,ttdf.graph_leak.v1,0,True,ttdf4_15d3b88d48c2
True,pilot4_train,0.0,0.0,2,1.0,COMPLETE,0,1,,,False,0,SEMI_IMPLICIT,0.0,ttdf.graph_leak.v1,0,True,ttdf4_d7446a6a3912
True,pilot4_train,0.0,0.0,2,2.0,COMPLETE,1,2,,,False,0,GOAL_BASED_IMPLICIT,1.0,ttdf.graph_leak.v1,3,True,ttdf4_3162f411057a
True,pilot4_train,0.0,0.0,2,2.0,COMPLETE,1,2,,,False,0,GOAL_BASED_IMPLICIT,1.0,ttdf.graph_leak.v1,3,True,ttdf4_51b92113b935
True,pilot4_train,0.0,0.0,2,1.0,COMPLETE,0,1,,,False,0,SEMI_IMPLICIT,0.0,ttdf.graph_leak.v1,0,True,ttdf4_8f3fec14f9ba
True,pilot4_train,0.0,0.0,3,1.5,COMPLETE,2,3,,,False,0,GOAL_BASED_IMPLICIT,1.0,ttdf.graph_leak.v1,5,True,ttdf4_379001ec8f17
True,pilot4_train,0.0,0.0,3,1.0,COMPLETE,0,2,,,False,0,SEMI_IMPLICIT,0.0,ttdf.graph_leak.v1,0,True,ttdf4_7438b8601d3a
True,pilot4_train,0.0,0.0,5,1.8,COMPLETE,5,9,,,False,0,GOAL_BASED_IMPLICIT,1.0,ttdf.graph_leak.v1,10,True,ttdf4_5cf7104f5128
False,pilot4_train,0.0,0.0,5,0.4,MEDIUM,2,2,,,True,2,PROCEDURAL_EXPLICIT,0.4,ttdf.graph_leak.v1,2,False,ttdf4_7fd4d540b303
True,pilot4_train,0.0,0.0,2,2.0,COMPLETE,1,2,,,False,0,GOAL_BASED_IMPLICIT,1.0,ttdf.graph_leak.v1,3,True,ttdf4_b8a1aa730235
False,pilot4_train,0.0,0.0,2,0.0,NONE,0,0,,,True,0,SEMI_IMPLICIT,0.0,ttdf.graph_leak.v1,0,False,ttdf4_c7b7559aa7c9
True,pilot4_train,0.0,0.0,7,1.8333,COMPLETE,6,11,,,False,0,GOAL_BASED_IMPLICIT,1.0,ttdf.graph_leak.v1,13,True,ttdf4_1e337f07ad7e
False,pilot4_train,0.0,0.0,7,0.3333,MEDIUM,2,2,,,True,5,PROCEDURAL_EXPLICIT,0.3333,ttdf.graph_leak.v1,2,False,ttdf4_56e37f1acdf0
True,pilot4_train,0.0,0.0,3,2.0,COMPLETE,2,4,,,False,0,GOAL_BASED_IMPLICIT,1.0,ttdf.graph_leak.v1,5,True,ttdf4_24753b0a0350
True,pilot4_train,0.0,0.0,3,1.0,COMPLETE,1,2,,,False,0,SEMI_IMPLICIT,0.5,ttdf.graph_leak.v1,0,True,ttdf4_1e0a194d1682
False,pilot4_train,0.0,0.0,3,0.0,MEDIUM,0,0,,,True,1,PROCEDURAL_EXPLICIT,0.0,ttdf.graph_leak.v1,1,False,ttdf4_873d0f7b9876
True,pilot4_train,0.0,0.0,3,2.0,COMPLETE,2,4,,,False,0,GOAL_BASED_IMPLICIT,1.0,ttdf.graph_leak.v1,5,True,ttdf4_95ba261cba7b
True,pilot4_train,0.0,0.0,2,2.0,COMPLETE,1,2,,,False,0,GOAL_BASED_IMPLICIT,1.0,ttdf.graph_leak.v1,3,True,ttdf4_c9285e163358
True,pilot4_train,0.0,0.0,2,1.0,COMPLETE,0,1,,,False,0,SEMI_IMPLICIT,0.0,ttdf.graph_leak.v1,0,True,ttdf4_11fdde640ecf
True,pilot4_train,0.0,0.0,2,1.0,COMPLETE,0,1,,,False,0,SEMI_IMPLICIT,0.0,ttdf.graph_leak.v1,0,True,ttdf4_7a755d83c2ea
True,pilot4_train,0.0,0.0,2,2.0,COMPLETE,1,2,,,False,0,GOAL_BASED_IMPLICIT,1.0,ttdf.graph_leak.v1,3,True,ttdf4_1eaab2387230
True,pilot4_train,0.0,0.0,5,1.5,COMPLETE,4,6,,,False,0,GOAL_BASED_IMPLICIT,1.0,ttdf.graph_leak.v1,9,True,ttdf4_a37122681880
True,pilot4_train,0.0,0.0,5,1.0,COMPLETE,2,4,,,False,0,SEMI_IMPLICIT,0.5,ttdf.graph_leak.v1,1,True,ttdf4_fb9998ff8fbf
True,pilot4_train,0.0,0.0,3,2.0,COMPLETE,2,4,,,False,0,GOAL_BASED_IMPLICIT,1.0,ttdf.graph_leak.v1,5,True,ttdf4_5009c7185fb6
True,pilot4_train,0.0,0.0,3,1.0,COMPLETE,1,2,,,False,0,SEMI_IMPLICIT,0.5,ttdf.graph_leak.v1,0,True,ttdf4_393093ec1035
True,pilot4_train,0.0,0.0,5,1.6667,COMPLETE,6,10,,,False,0,GOAL_BASED_IMPLICIT,1.0,ttdf.graph_leak.v1,11,True,ttdf4_539420854e2d
True,pilot4_train,0.0,0.0,5,0.6667,HIGH,2,4,,,False,0,SEMI_IMPLICIT,0.3333,ttdf.graph_leak.v1,1,True,ttdf4_f1094d885d2c
True,pilot4_train,0.0,0.0,4,0.75,HIGH,0,3,,,False,0,SEMI_IMPLICIT,0.0,ttdf.graph_leak.v1,0,True,ttdf4_db1e647ea3b2
True,pilot4_train,0.0,0.0,4,1.75,COMPLETE,4,7,,,False,0,GOAL_BASED_IMPLICIT,1.0,ttdf.graph_leak.v1,8,True,ttdf4_18f39c87d90a
True,pilot4_train,0.0,0.0,2,2.0,COMPLETE,1,2,,,False,0,GOAL_BASED_IMPLICIT,1.0,ttdf.graph_leak.v1,3,True,ttdf4_559912016fad
True,pilot4_train,0.0,0.0,2,1.0,COMPLETE,0,1,,,False,0,SEMI_IMPLICIT,0.0,ttdf.graph_leak.v1,0,True,ttdf4_7eb7a651c108
True,pilot4_train,0.0,0.0,2,2.0,COMPLETE,1,2,,,False,0,GOAL_BASED_IMPLICIT,1.0,ttdf.graph_leak.v1,3,True,ttdf4_d29f6cc17b44
False,pilot4_train,0.0,0.0,2,0.0,NONE,0,0,,,True,0,SEMI_IMPLICIT,0.0,ttdf.graph_leak.v1,0,False,ttdf4_e5d1a46dbe96
True,pilot4_train,0.0,0.0,2,2.0,COMPLETE,1,2,,,False,0,GOAL_BASED_IMPLICIT,1.0,ttdf.graph_leak.v1,3,True,ttdf4_9369b4e91ff2
True,pilot4_train,0.0,0.0,2,1.0,COMPLETE,0,1,,,False,0,SEMI_IMPLICIT,0.0,ttdf.graph_leak.v1,0,True,ttdf4_b13550248507
True,pilot4_train,0.0,0.0,3,1.0,COMPLETE,0,2,,,False,0,SEMI_IMPLICIT,0.0,ttdf.graph_leak.v1,0,True,ttdf4_24b50a748791
True,pilot4_train,0.0,0.0,3,2.0,COMPLETE,2,4,,,False,0,GOAL_BASED_IMPLICIT,1.0,ttdf.graph_leak.v1,5,True,ttdf4_9352a6afdd45
True,pilot4_train,0.0,0.0,2,2.0,COMPLETE,1,2,,,False,0,GOAL_BASED_IMPLICIT,1.0,ttdf.graph_leak.v1,3,True,ttdf4_ca14050db16e
True,pilot4_train,0.0,0.0,2,1.0,COMPLETE,0,1,,,False,0,SEMI_IMPLICIT,0.0,ttdf.graph_leak.v1,0,True,ttdf4_752a38085f7a
True,pilot4_train,0.0,0.0,6,1.6,COMPLETE,5,8,,,False,0,GOAL_BASED_IMPLICIT,1.0,ttdf.graph_leak.v1,11,True,ttdf4_0330f7d9c216
True,pilot4_train,0.0,0.0,6,1.0,COMPLETE,3,5,,,False,0,SEMI_IMPLICIT,0.6,ttdf.graph_leak.v1,2,True,ttdf4_e9c2e5d9bd8d
True,pilot4_train,1.0,1.0,3,1.0,COMPLETE,0,2,,,False,0,SEMI_IMPLICIT,0.0,ttdf.graph_leak.v1,0,True,ttdf4_20e3f4f5f6ae
True,pilot4_train,1.0,1.0,3,1.5,COMPLETE,2,3,,,False,0,GOAL_BASED_IMPLICIT,1.0,ttdf.graph_leak.v1,5,True,ttdf4_869dd6371402
True,pilot4_train,0.0,0.0,2,2.0,COMPLETE,1,2,,,False,0,GOAL_BASED_IMPLICIT,1.0,ttdf.graph_leak.v1,3,True,ttdf4_66e01ea027d0
True,pilot4_train,0.0,0.0,2,1.0,COMPLETE,0,1,,,False,0,SEMI_IMPLICIT,0.0,ttdf.graph_leak.v1,0,True,ttdf4_f2f2ea454156
True,pilot4_train,0.0,0.0,2,2.0,COMPLETE,1,2,,,False,0,GOAL_BASED_IMPLICIT,1.0,ttdf.graph_leak.v1,3,True,ttdf4_84e47e4f050a
False,pilot4_train,0.0,0.0,2,0.0,LOW,0,0,,,True,2,PROCEDURAL_EXPLICIT,0.0,ttdf.graph_leak.v1,0,False,ttdf4_4c3931f6f58a
True,pilot4_train,0.0,0.0,2,2.0,COMPLETE,1,2,,,False,0,GOAL_BASED_IMPLICIT,1.0,ttdf.graph_leak.v1,3,True,ttdf4_0eaceadef057
True,pilot4_train,0.0,0.0,2,1.0,COMPLETE,0,1,,,False,0,SEMI_IMPLICIT,0.0,ttdf.graph_leak.v1,0,True,ttdf4_c22e5f2b0cfa
True,pilot4_train,0.0,0.0,2,2.0,COMPLETE,1,2,,,False,0,GOAL_BASED_IMPLICIT,1.0,ttdf.graph_leak.v1,3,True,ttdf4_5b702d92e817
False,pilot4_train,0.0,0.0,2,0.0,NONE,0,0,,,True,0,SEMI_IMPLICIT,0.0,ttdf.graph_leak.v1,0,False,ttdf4_7a709641016f
True,pilot4_train,0.0,0.0,2,2.0,COMPLETE,1,2,,,False,0,GOAL_BASED_IMPLICIT,1.0,ttdf.graph_leak.v1,3,True,ttdf4_578d4084b47d
True,pilot4_train,0.0,0.0,2,1.0,COMPLETE,0,1,,,False,0,SEMI_IMPLICIT,0.0,ttdf.graph_leak.v1,0,True,ttdf4_492ef333c97c
True,pilot4_train,0.0,0.0,2,1.0,COMPLETE,0,1,,,False,0,SEMI_IMPLICIT,0.0,ttdf.graph_leak.v1,0,True,ttdf4_b18a91df412e
True,pilot4_train,0.0,0.0,2,2.0,COMPLETE,1,2,,,False,0,GOAL_BASED_IMPLICIT,1.0,ttdf.graph_leak.v1,3,True,ttdf4_70c55123f637
True,pilot4_train,0.0,0.0,7,1.6667,COMPLETE,6,10,,,False,0,GOAL_BASED_IMPLICIT,1.0,ttdf.graph_leak.v1,13,True,ttdf4_5e75043057ce
False,pilot4_train,1.0,1.0,7,0.3333,MEDIUM,2,2,,,True,2,PROCEDURAL_EXPLICIT,0.3333,ttdf.graph_leak.v1,2,False,ttdf4_0c3124615797
True,pilot4_train,0.0,0.0,3,2.0,COMPLETE,2,4,,,False,0,GOAL_BASED_IMPLICIT,1.0,ttdf.graph_leak.v1,5,True,ttdf4_ffa8ea693aa2
True,pilot4_train,1.0,1.0,3,1.0,COMPLETE,1,2,,,False,0,SEMI_IMPLICIT,0.5,ttdf.graph_leak.v1,0,True,ttdf4_6db8956bb43c
False,pilot4_train,1.0,1.0,4,0.5,HIGH,2,2,,,True,2,PROCEDURAL_EXPLICIT,0.5,ttdf.graph_leak.v1,2,False,ttdf4_696093d2de26
True,pilot4_train,0.0,0.0,4,1.75,COMPLETE,4,7,,,False,0,GOAL_BASED_IMPLICIT,1.0,ttdf.graph_leak.v1,8,True,ttdf4_4f6d78665040
True,pilot4_train,0.0,0.0,4,1.6,COMPLETE,5,8,,,False,0,GOAL_BASED_IMPLICIT,1.0,ttdf.graph_leak.v1,9,True,ttdf4_d136d1902bcd
False,pilot4_train,0.0,0.0,4,0.4,MEDIUM,2,2,,,True,2,PROCEDURAL_EXPLICIT,0.4,ttdf.graph_leak.v1,2,False,ttdf4_1ac4175598f5
True,pilot4_train,0.0,0.0,2,2.0,COMPLETE,1,2,,,False,0,GOAL_BASED_IMPLICIT,1.0,ttdf.graph_leak.v1,3,True,ttdf4_03ba0172efe8
False,pilot4_train,0.0,0.0,2,0.0,NONE,0,0,,,True,1,PROCEDURAL_EXPLICIT,0.0,ttdf.graph_leak.v1,0,False,ttdf4_c5aa13bff158
True,pilot4_train,0.0,0.0,7,1.5714,COMPLETE,7,11,,,False,0,GOAL_BASED_IMPLICIT,1.0,ttdf.graph_leak.v1,14,True,ttdf4_eb04425b590b
True,pilot4_train,0.0,0.0,7,0.8571,COMPLETE,2,6,,,False,0,SEMI_IMPLICIT,0.2857,ttdf.graph_leak.v1,1,True,ttdf4_95bb4e02392c
True,pilot4_train,0.0,0.0,6,1.8,COMPLETE,5,9,,,False,1,GOAL_BASED_IMPLICIT,1.0,ttdf.graph_leak.v1,11,True,ttdf4_b9dbcd499ca6
True,pilot4_train,0.0,0.0,6,1.0,COMPLETE,2,5,,,False,0,SEMI_IMPLICIT,0.4,ttdf.graph_leak.v1,1,True,ttdf4_939af5f2d8ec
True,pilot4_train,0.0,0.0,6,1.0,COMPLETE,1,5,,,False,0,SEMI_IMPLICIT,0.2,ttdf.graph_leak.v1,1,True,ttdf4_f8f613ef25cb
True,pilot4_train,0.0,0.0,6,1.8,COMPLETE,5,9,,,False,0,GOAL_BASED_IMPLICIT,1.0,ttdf.graph_leak.v1,11,True,ttdf4_248041894879
True,pilot4_train,0.0,0.0,3,2.0,COMPLETE,2,4,,,False,0,GOAL_BASED_IMPLICIT,1.0,ttdf.graph_leak.v1,5,True,ttdf4_499e7164c7d3
True,pilot4_train,0.0,0.0,3,1.0,COMPLETE,0,2,,,False,0,SEMI_IMPLICIT,0.0,ttdf.graph_leak.v1,0,True,ttdf4_413c4b718159
True,pilot4_train,0.0,0.0,4,1.75,COMPLETE,4,7,,,False,0,GOAL_BASED_IMPLICIT,1.0,ttdf.graph_leak.v1,8,True,ttdf4_024b738f1dc9
True,pilot4_train,0.0,0.0,4,0.75,HIGH,0,3,,,False,0,SEMI_IMPLICIT,0.0,ttdf.graph_leak.v1,0,True,ttdf4_3cf527d4430b
True,pilot4_train,0.0,0.0,5,1.75,COMPLETE,4,7,,,False,0,GOAL_BASED_IMPLICIT,1.0,ttdf.graph_leak.v1,9,True,ttdf4_fbe1ed67988a
False,pilot4_train,0.0,0.0,5,0.25,MEDIUM,1,1,,,True,2,PROCEDURAL_EXPLICIT,0.25,ttdf.graph_leak.v1,1,False,ttdf4_37a9c758c428
True,pilot4_train,0.0,0.0,2,2.0,COMPLETE,1,2,,,False,0,GOAL_BASED_IMPLICIT,1.0,ttdf.graph_leak.v1,3,True,ttdf4_efa5f848a7d0
False,pilot4_train,0.0,0.0,2,0.0,NONE,0,0,,,True,0,SEMI_IMPLICIT,0.0,ttdf.graph_leak.v1,0,False,ttdf4_f59a2c40b654
True,pilot4_train,0.0,0.0,2,2.0,COMPLETE,1,2,,,False,0,GOAL_BASED_IMPLICIT,1.0,ttdf.graph_leak.v1,3,True,ttdf4_fa78497ca674
True,pilot4_train,0.0,0.0,2,1.0,COMPLETE,0,1,,,False,0,SEMI_IMPLICIT,0.0,ttdf.graph_leak.v1,0,True,ttdf4_e6ae996466fe
True,pilot4_train,0.0,0.0,2,2.0,COMPLETE,1,2,,,False,0,GOAL_BASED_IMPLICIT,1.0,ttdf.graph_leak.v1,3,True,ttdf4_75d2e08264be
False,pilot4_train,0.0,0.0,2,0.0,NONE,0,0,,,True,0,SEMI_IMPLICIT,0.0,ttdf.graph_leak.v1,0,False,ttdf4_5ef3a6649be2
True,pilot4_train,0.0,0.0,2,2.0,COMPLETE,1,2,,,False,0,GOAL_BASED_IMPLICIT,1.0,ttdf.graph_leak.v1,3,True,ttdf4_225ca581ede0
False,pilot4_train,0.0,0.0,2,0.0,NONE,0,0,,,True,0,SEMI_IMPLICIT,0.0,ttdf.graph_leak.v1,0,False,ttdf4_cc0235df6596
True,pilot4_train,0.0,0.0,2,1.0,COMPLETE,0,1,,,False,0,SEMI_IMPLICIT,0.0,ttdf.graph_leak.v1,0,True,ttdf4_d3ed7eef536a
True,pilot4_train,0.0,0.0,2,2.0,COMPLETE,1,2,,,False,0,GOAL_BASED_IMPLICIT,1.0,ttdf.graph_leak.v1,3,True,ttdf4_54afa5a91834
True,pilot4_train,0.0,0.0,2,2.0,COMPLETE,1,2,,,False,0,GOAL_BASED_IMPLICIT,1.0,ttdf.graph_leak.v1,3,True,ttdf4_3f538dc51be3
True,pilot4_train,0.0,0.0,2,1.0,COMPLETE,0,1,,,False,0,SEMI_IMPLICIT,0.0,ttdf.graph_leak.v1,0,True,ttdf4_35ba625cb98c
False,pilot4_train,0.0,0.0,2,0.0,LOW,0,0,,,True,2,PROCEDURAL_EXPLICIT,0.0,ttdf.graph_leak.v1,0,False,ttdf4_d094e795ef5b
True,pilot4_train,0.0,0.0,2,2.0,COMPLETE,1,2,,,False,0,GOAL_BASED_IMPLICIT,1.0,ttdf.graph_leak.v1,3,True,ttdf4_4fd0322ea4dc
False,pilot4_train,1.0,1.0,7,0.5,HIGH,8,3,,,True,6,PROCEDURAL_EXPLICIT,1.0,ttdf.graph_leak.v1,3,False,ttdf4_b569950b138e
True,pilot4_train,0.0,0.0,7,1.6667,COMPLETE,6,10,,,False,0,GOAL_BASED_IMPLICIT,1.0,ttdf.graph_leak.v1,13,True,ttdf4_a457a38c28d7
True,pilot4_train,0.0,0.0,7,1.7143,COMPLETE,7,12,,,False,0,GOAL_BASED_IMPLICIT,1.0,ttdf.graph_leak.v1,14,True,ttdf4_e5bed2c30abd
False,pilot4_train,0.0,0.0,7,0.4286,HIGH,3,3,,,True,5,PROCEDURAL_EXPLICIT,0.4286,ttdf.graph_leak.v1,3,False,ttdf4_e3d99f291389
True,pilot4_train,0.0,0.0,2,2.0,COMPLETE,1,2,,,False,0,GOAL_BASED_IMPLICIT,1.0,ttdf.graph_leak.v1,3,True,ttdf4_375ef362fe92
True,pilot4_train,0.0,0.0,2,1.0,COMPLETE,0,1,,,False,0,SEMI_IMPLICIT,0.0,ttdf.graph_leak.v1,0,True,ttdf4_4e7f6625f7ed
False,pilot4_train,0.0,0.0,3,0.3333,MEDIUM,1,1,,,True,1,PROCEDURAL_EXPLICIT,0.3333,ttdf.graph_leak.v1,1,False,ttdf4_1ac2bff28451
True,pilot4_train,0.0,0.0,3,1.6667,COMPLETE,3,5,,,False,0,GOAL_BASED_IMPLICIT,1.0,ttdf.graph_leak.v1,6,True,ttdf4_dfdfe973520f
True,pilot4_train,0.0,0.0,2,2.0,COMPLETE,1,2,,,False,0,GOAL_BASED_IMPLICIT,1.0,ttdf.graph_leak.v1,3,True,ttdf4_984575dad45a
True,pilot4_train,0.0,0.0,2,1.0,COMPLETE,0,1,,,False,0,SEMI_IMPLICIT,0.0,ttdf.graph_leak.v1,0,True,ttdf4_f224437cf4ef
True,pilot4_train,0.0,0.0,4,1.75,COMPLETE,4,7,,,False,0,GOAL_BASED_IMPLICIT,1.0,ttdf.graph_leak.v1,8,True,ttdf4_5f6e6c383a04
False,pilot4_train,1.0,1.0,5,0.6,HIGH,3,3,,,True,2,PROCEDURAL_EXPLICIT,0.6,ttdf.graph_leak.v1,3,False,ttdf4_61ae77d0e86f
True,pilot4_train,0.0,0.0,3,1.6667,COMPLETE,3,5,,,False,0,GOAL_BASED_IMPLICIT,1.0,ttdf.graph_leak.v1,6,True,ttdf4_74cd91ba5a5b
True,pilot4_train,0.0,0.0,2,2.0,COMPLETE,1,2,,,False,0,GOAL_BASED_IMPLICIT,1.0,ttdf.graph_leak.v1,3,True,ttdf4_3405b25921e8
True,pilot4_train,0.0,0.0,2,2.0,COMPLETE,1,2,,,False,0,GOAL_BASED_IMPLICIT,1.0,ttdf.graph_leak.v1,3,True,ttdf4_c3d1fe19c695
True,pilot4_train,0.0,0.0,4,1.6667,COMPLETE,3,5,,,False,0,GOAL_BASED_IMPLICIT,1.0,ttdf.graph_leak.v1,7,True,ttdf4_26f45165f35f
False,pilot4_train,1.0,1.0,3,0.0,MEDIUM,0,0,,,True,1,PROCEDURAL_EXPLICIT,0.0,ttdf.graph_leak.v1,1,False,ttdf4_11edc46f2e66
True,pilot4_train,0.0,0.0,2,2.0,COMPLETE,1,2,,,False,0,GOAL_BASED_IMPLICIT,1.0,ttdf.graph_leak.v1,3,True,ttdf4_86b222191358
True,pilot4_train,0.0,0.0,7,1.5714,COMPLETE,7,11,,,False,0,GOAL_BASED_IMPLICIT,1.0,ttdf.graph_leak.v1,14,True,ttdf4_8d20944e1bd4
True,pilot4_train,0.0,0.0,5,1.75,COMPLETE,4,7,,,False,0,GOAL_BASED_IMPLICIT,1.0,ttdf.graph_leak.v1,9,True,ttdf4_5e4e81d17a60
False,pilot4_train,0.0,0.0,4,0.6667,HIGH,2,2,,,True,2,PROCEDURAL_EXPLICIT,0.6667,ttdf.graph_leak.v1,3,False,ttdf4_7559deac6896
True,pilot4_train,0.0,0.0,8,1.625,COMPLETE,8,13,,,False,0,GOAL_BASED_IMPLICIT,1.0,ttdf.graph_leak.v1,16,True,ttdf4_29813eb3ef2d
True,pilot4_train,0.0,0.0,7,1.6667,COMPLETE,6,10,,,False,0,GOAL_BASED_IMPLICIT,1.0,ttdf.graph_leak.v1,13,True,ttdf4_208f1b96487e
True,pilot4_train,0.0,0.0,5,1.6,COMPLETE,5,8,,,False,0,GOAL_BASED_IMPLICIT,1.0,ttdf.graph_leak.v1,10,True,ttdf4_ae8c89812cc9
True,pilot4_train,0.0,0.0,4,1.6667,COMPLETE,3,5,,,False,0,GOAL_BASED_IMPLICIT,1.0,ttdf.graph_leak.v1,7,True,ttdf4_b4bb64babf41
True,pilot4_train,0.0,0.0,6,1.8333,COMPLETE,6,11,,,False,0,GOAL_BASED_IMPLICIT,1.0,ttdf.graph_leak.v1,12,True,ttdf4_955b65ba5256
False,pilot4_train,0.0,0.0,8,0.2857,MEDIUM,2,2,,,True,2,PROCEDURAL_EXPLICIT,0.2857,ttdf.graph_leak.v1,2,False,ttdf4_93274bcc9eb6
False,pilot4_train,0.0,0.0,2,0.0,NONE,0,0,,,True,0,SEMI_IMPLICIT,0.0,ttdf.graph_leak.v1,0,False,ttdf4_6a1aaf269aad
False,pilot4_train,0.0,0.0,3,0.3333,MEDIUM,1,1,,,True,1,PROCEDURAL_EXPLICIT,0.3333,ttdf.graph_leak.v1,2,False,ttdf4_7e7892d75287
True,pilot4_train,0.0,0.0,2,2.0,COMPLETE,1,2,,,False,0,GOAL_BASED_IMPLICIT,1.0,ttdf.graph_leak.v1,3,True,ttdf4_e29a7df1dd7d
True,pilot4_train,0.0,0.0,4,0.75,HIGH,0,3,,,False,0,SEMI_IMPLICIT,0.0,ttdf.graph_leak.v1,0,True,ttdf4_21daae802669
True,pilot4_train,0.0,0.0,8,1.75,COMPLETE,8,14,,,False,0,GOAL_BASED_IMPLICIT,1.0,ttdf.graph_leak.v1,16,True,ttdf4_5bf2b1928b03
False,pilot4_train,0.0,0.0,4,0.6667,HIGH,2,2,,,True,2,PROCEDURAL_EXPLICIT,0.6667,ttdf.graph_leak.v1,3,False,ttdf4_0ecaf2fac674
True,pilot4_train,0.0,0.0,5,1.8,COMPLETE,5,9,,,False,0,GOAL_BASED_IMPLICIT,1.0,ttdf.graph_leak.v1,10,True,ttdf4_844eed5bde15
True,pilot4_train,0.0,0.0,2,2.0,COMPLETE,1,2,,,False,0,GOAL_BASED_IMPLICIT,1.0,ttdf.graph_leak.v1,3,True,ttdf4_39f1003635be
True,pilot4_train,0.0,0.0,6,1.8,COMPLETE,5,9,,,False,0,GOAL_BASED_IMPLICIT,1.0,ttdf.graph_leak.v1,11,True,ttdf4_32779e2039bf
True,pilot4_train,0.0,0.0,2,2.0,COMPLETE,1,2,,,False,0,GOAL_BASED_IMPLICIT,1.0,ttdf.graph_leak.v1,3,True,ttdf4_5a6cb3b1aec1
True,pilot4_train,0.0,0.0,7,1.8571,COMPLETE,7,13,,,False,0,GOAL_BASED_IMPLICIT,1.0,ttdf.graph_leak.v1,14,True,ttdf4_fbc89426268a
True,pilot4_train,0.0,0.0,3,1.6667,COMPLETE,3,5,,,False,0,GOAL_BASED_IMPLICIT,1.0,ttdf.graph_leak.v1,6,True,ttdf4_ba581312f0c4
True,pilot4_train,0.0,0.0,3,1.0,COMPLETE,1,2,,,False,0,SEMI_IMPLICIT,0.5,ttdf.graph_leak.v1,0,True,ttdf4_8d40efa86707
True,pilot4_train,0.0,0.0,5,1.0,COMPLETE,2,4,,,False,0,SEMI_IMPLICIT,0.5,ttdf.graph_leak.v1,1,True,ttdf4_506286d5a1dc
False,pilot4_train,0.0,0.0,6,0.2,MEDIUM,5,1,,,True,5,PROCEDURAL_EXPLICIT,1.0,ttdf.graph_leak.v1,1,False,ttdf4_d831c84a6914
True,pilot4_train,0.0,0.0,4,1.75,COMPLETE,4,7,,,False,0,GOAL_BASED_IMPLICIT,1.0,ttdf.graph_leak.v1,8,True,ttdf4_0e50b4e7605e
True,pilot4_train,0.0,0.0,3,1.6667,COMPLETE,3,5,,,False,0,GOAL_BASED_IMPLICIT,1.0,ttdf.graph_leak.v1,6,True,ttdf4_c0194af6650b
True,pilot4_train,0.0,0.0,3,1.6667,COMPLETE,3,5,,,False,0,GOAL_BASED_IMPLICIT,1.0,ttdf.graph_leak.v1,6,True,ttdf4_e79f423141fe
True,pilot4_train,0.0,0.0,3,2.0,COMPLETE,2,4,,,False,0,GOAL_BASED_IMPLICIT,1.0,ttdf.graph_leak.v1,5,True,ttdf4_404e29b7fb80
True,pilot4_train,0.0,0.0,2,1.0,COMPLETE,0,1,,,False,0,SEMI_IMPLICIT,0.0,ttdf.graph_leak.v1,0,True,ttdf4_bb2373fe3315
True,pilot4_train,0.0,0.0,2,2.0,COMPLETE,1,2,,,False,0,GOAL_BASED_IMPLICIT,1.0,ttdf.graph_leak.v1,3,True,ttdf4_b637c1c970cd
True,pilot4_train,0.0,0.0,4,1.75,COMPLETE,4,7,,,False,0,GOAL_BASED_IMPLICIT,1.0,ttdf.graph_leak.v1,8,True,ttdf4_f9ec2f1363d1
True,pilot4_train,0.0,0.0,3,1.6667,COMPLETE,3,5,,,False,0,GOAL_BASED_IMPLICIT,1.0,ttdf.graph_leak.v1,6,True,ttdf4_cf8867f44bd4
True,pilot4_train,0.0,0.0,2,2.0,COMPLETE,1,2,,,False,0,GOAL_BASED_IMPLICIT,1.0,ttdf.graph_leak.v1,3,True,ttdf4_974ec1c7b463
True,pilot4_train,0.0,0.0,3,1.6667,COMPLETE,3,5,,,False,0,GOAL_BASED_IMPLICIT,1.0,ttdf.graph_leak.v1,6,True,ttdf4_7d13a94a5c1b
True,pilot4_train,0.0,0.0,6,1.6667,COMPLETE,6,10,,,False,0,GOAL_BASED_IMPLICIT,1.0,ttdf.graph_leak.v1,12,True,ttdf4_06d1b841a5ca
True,pilot4_train,0.0,0.0,4,1.75,COMPLETE,4,7,,,False,0,GOAL_BASED_IMPLICIT,1.0,ttdf.graph_leak.v1,8,True,ttdf4_52bae20bdf75
True,pilot4_train,0.0,0.0,7,1.5714,COMPLETE,7,11,,,False,0,GOAL_BASED_IMPLICIT,1.0,ttdf.graph_leak.v1,14,True,ttdf4_a11d800d053e
True,pilot4_train,0.0,0.0,4,1.6667,COMPLETE,3,5,,,False,0,GOAL_BASED_IMPLICIT,1.0,ttdf.graph_leak.v1,7,True,ttdf4_871ca41ad32e
False,pilot4_train,0.0,0.0,3,0.0,NONE,0,0,,,True,1,PROCEDURAL_EXPLICIT,0.0,ttdf.graph_leak.v1,0,False,ttdf4_e631fc4c8dbd
True,pilot4_train,0.0,0.0,4,1.75,COMPLETE,4,7,,,False,0,GOAL_BASED_IMPLICIT,1.0,ttdf.graph_leak.v1,8,True,ttdf4_bb50d8e674c7
True,pilot4_train,0.0,0.0,2,1.0,COMPLETE,0,1,,,False,0,SEMI_IMPLICIT,0.0,ttdf.graph_leak.v1,0,True,ttdf4_321ae1583181
True,pilot4_train,0.0,0.0,4,1.75,COMPLETE,4,7,,,False,0,GOAL_BASED_IMPLICIT,1.0,ttdf.graph_leak.v1,8,True,ttdf4_908b0f242366
True,pilot4_train,0.0,0.0,7,1.8571,COMPLETE,7,13,,,False,0,GOAL_BASED_IMPLICIT,1.0,ttdf.graph_leak.v1,14,True,ttdf4_71ecfb6a5963
True,pilot4_train,0.0,0.0,6,1.0,COMPLETE,1,5,,,False,0,SEMI_IMPLICIT,0.2,ttdf.graph_leak.v1,0,True,ttdf4_e9cd5b22c01c
True,pilot4_train,0.0,0.0,2,2.0,COMPLETE,1,2,,,False,0,GOAL_BASED_IMPLICIT,1.0,ttdf.graph_leak.v1,3,True,ttdf4_acbb7077d964
False,pilot4_train,1.0,1.0,4,0.3333,MEDIUM,1,1,,,True,2,PROCEDURAL_EXPLICIT,0.3333,ttdf.graph_leak.v1,1,False,ttdf4_b1239ca152c0
True,pilot4_train,0.0,0.0,3,1.5,COMPLETE,2,3,,,False,0,GOAL_BASED_IMPLICIT,1.0,ttdf.graph_leak.v1,5,True,ttdf4_901385dc46d5
True,pilot4_train,0.0,0.0,3,2.0,COMPLETE,2,4,,,False,0,GOAL_BASED_IMPLICIT,1.0,ttdf.graph_leak.v1,5,True,ttdf4_dd59ecdbd42b
True,pilot4_train,0.0,0.0,7,1.8333,COMPLETE,6,11,,,False,0,GOAL_BASED_IMPLICIT,1.0,ttdf.graph_leak.v1,13,True,ttdf4_86e3cd4658dd
True,pilot4_train,0.0,0.0,3,1.0,COMPLETE,0,2,,,False,0,SEMI_IMPLICIT,0.0,ttdf.graph_leak.v1,0,True,ttdf4_a58a74986d14
True,pilot4_train,0.0,0.0,5,1.6,COMPLETE,5,8,,,False,0,GOAL_BASED_IMPLICIT,1.0,ttdf.graph_leak.v1,10,True,ttdf4_7b117ddf3f46
True,pilot4_train,0.0,0.0,2,1.0,COMPLETE,0,1,,,False,0,SEMI_IMPLICIT,0.0,ttdf.graph_leak.v1,0,True,ttdf4_e0139e237316
True,pilot4_train,0.0,0.0,4,1.75,COMPLETE,4,7,,,False,0,GOAL_BASED_IMPLICIT,1.0,ttdf.graph_leak.v1,8,True,ttdf4_88670ce27d89
True,pilot4_train,0.0,0.0,4,1.75,COMPLETE,4,7,,,False,0,GOAL_BASED_IMPLICIT,1.0,ttdf.graph_leak.v1,8,True,ttdf4_dc431241d82c
True,pilot4_train,0.0,0.0,6,1.6667,COMPLETE,6,10,,,False,0,GOAL_BASED_IMPLICIT,1.0,ttdf.graph_leak.v1,12,True,ttdf4_e2d28bbb071d
False,pilot4_train,0.0,0.0,3,0.0,NONE,0,0,,,True,1,PROCEDURAL_EXPLICIT,0.0,ttdf.graph_leak.v1,0,False,ttdf4_c48d0a0bb265
True,pilot4_train,0.0,0.0,2,2.0,COMPLETE,1,2,,,False,0,GOAL_BASED_IMPLICIT,1.0,ttdf.graph_leak.v1,3,True,ttdf4_9e00fd8ca21f
True,pilot4_train,0.0,0.0,3,2.0,COMPLETE,2,4,,,False,0,GOAL_BASED_IMPLICIT,1.0,ttdf.graph_leak.v1,5,True,ttdf4_3edf72085062
True,pilot4_train,0.0,0.0,2,2.0,COMPLETE,1,2,,,False,0,GOAL_BASED_IMPLICIT,1.0,ttdf.graph_leak.v1,3,True,ttdf4_31720607eb07
True,pilot4_train,0.0,0.0,4,1.6667,COMPLETE,3,5,,,False,0,GOAL_BASED_IMPLICIT,1.0,ttdf.graph_leak.v1,7,True,ttdf4_67d706705d3d
True,pilot4_train,0.0,0.0,6,1.0,COMPLETE,1,5,,,False,0,SEMI_IMPLICIT,0.2,ttdf.graph_leak.v1,0,True,ttdf4_92b3e201650a
True,pilot4_train,0.0,0.0,2,2.0,COMPLETE,1,2,,,False,0,GOAL_BASED_IMPLICIT,1.0,ttdf.graph_leak.v1,3,True,ttdf4_596399eda629
True,pilot4_train,0.0,0.0,4,1.6667,COMPLETE,3,5,,,False,0,GOAL_BASED_IMPLICIT,1.0,ttdf.graph_leak.v1,7,True,ttdf4_ac63fc6002b8
False,pilot4_train,0.0,0.0,3,0.0,LOW,1,0,,,True,2,PROCEDURAL_EXPLICIT,0.5,ttdf.graph_leak.v1,0,False,ttdf4_9dc2c5a8f3f8
True,pilot4_train,0.0,0.0,5,1.6667,COMPLETE,6,10,,,False,0,GOAL_BASED_IMPLICIT,1.0,ttdf.graph_leak.v1,11,True,ttdf4_210437c9909c
False,pilot4_train,0.0,0.0,8,0.1429,MEDIUM,1,1,,,True,6,PROCEDURAL_EXPLICIT,0.1429,ttdf.graph_leak.v1,2,False,ttdf4_24af6c6acd33
True,pilot4_train,0.0,0.0,7,1.8333,COMPLETE,6,11,,,False,0,GOAL_BASED_IMPLICIT,1.0,ttdf.graph_leak.v1,13,True,ttdf4_0575bf0289e8
True,pilot4_train,0.0,0.0,3,2.0,COMPLETE,2,4,,,False,0,GOAL_BASED_IMPLICIT,1.0,ttdf.graph_leak.v1,5,True,ttdf4_bf0eb0e961a1
True,pilot4_train,0.0,0.0,7,0.75,HIGH,2,6,,,False,0,SEMI_IMPLICIT,0.25,ttdf.graph_leak.v1,1,True,ttdf4_660ce97065f3
True,pilot4_train,0.0,0.0,4,1.75,COMPLETE,4,7,,,False,0,GOAL_BASED_IMPLICIT,1.0,ttdf.graph_leak.v1,8,True,ttdf4_d6bdd389c542
True,pilot4_train,0.0,0.0,2,2.0,COMPLETE,1,2,,,False,0,GOAL_BASED_IMPLICIT,1.0,ttdf.graph_leak.v1,3,True,ttdf4_c4ce8288e170
True,pilot4_train,0.0,0.0,7,1.625,COMPLETE,8,13,,,False,0,GOAL_BASED_IMPLICIT,1.0,ttdf.graph_leak.v1,15,True,ttdf4_722e3b5d77e2
True,pilot4_train,0.0,0.0,5,1.8,COMPLETE,5,9,,,False,0,GOAL_BASED_IMPLICIT,1.0,ttdf.graph_leak.v1,10,True,ttdf4_579eaf825a89
True,pilot4_train,0.0,0.0,4,1.6667,COMPLETE,3,5,,,False,0,GOAL_BASED_IMPLICIT,1.0,ttdf.graph_leak.v1,7,True,ttdf4_92298393aba8
True,pilot4_train,0.0,0.0,5,1.75,COMPLETE,4,7,,,False,0,GOAL_BASED_IMPLICIT,1.0,ttdf.graph_leak.v1,9,True,ttdf4_cc88ea835da5
True,pilot4_train,1.0,1.0,7,1.5,COMPLETE,6,9,,,False,0,GOAL_BASED_IMPLICIT,1.0,ttdf.graph_leak.v1,13,True,ttdf4_1bb1367b5d67
True,pilot4_train,0.0,0.0,3,2.0,COMPLETE,2,4,,,False,1,GOAL_BASED_IMPLICIT,1.0,ttdf.graph_leak.v1,5,True,ttdf4_3e3e198b14a9
True,pilot4_train,0.0,0.0,8,1.7143,COMPLETE,7,12,,,False,0,GOAL_BASED_IMPLICIT,1.0,ttdf.graph_leak.v1,15,True,ttdf4_5740b4b0ef11
True,pilot4_train,0.0,0.0,2,2.0,COMPLETE,1,2,,,False,0,GOAL_BASED_IMPLICIT,1.0,ttdf.graph_leak.v1,3,True,ttdf4_c1c30501e5a3
True,pilot4_train,1.0,1.0,8,1.5714,COMPLETE,7,11,,,False,0,GOAL_BASED_IMPLICIT,1.0,ttdf.graph_leak.v1,15,True,ttdf4_dbd24c9cc240
True,pilot4_train,0.0,0.0,4,1.75,COMPLETE,4,7,,,False,0,GOAL_BASED_IMPLICIT,1.0,ttdf.graph_leak.v1,8,True,ttdf4_56fc454136e8
True,pilot4_train,0.0,0.0,3,1.0,COMPLETE,1,2,,,False,0,SEMI_IMPLICIT,0.5,ttdf.graph_leak.v1,0,True,ttdf4_f910978fae9e
True,pilot4_train,0.0,0.0,4,1.5,COMPLETE,4,6,,,False,0,GOAL_BASED_IMPLICIT,1.0,ttdf.graph_leak.v1,8,True,ttdf4_14ac745f71ac
True,pilot4_train,0.0,0.0,6,1.6,COMPLETE,5,8,,,False,0,GOAL_BASED_IMPLICIT,1.0,ttdf.graph_leak.v1,11,True,ttdf4_cc145751e27d
True,pilot4_train,0.0,0.0,3,2.0,COMPLETE,2,4,,,False,0,GOAL_BASED_IMPLICIT,1.0,ttdf.graph_leak.v1,5,True,ttdf4_67d0d0522027
True,pilot4_train,0.0,0.0,2,2.0,COMPLETE,1,2,,,False,0,GOAL_BASED_IMPLICIT,1.0,ttdf.graph_leak.v1,3,True,ttdf4_4fe05becb739
True,pilot4_train,0.0,0.0,8,1.5714,COMPLETE,7,11,,,False,0,GOAL_BASED_IMPLICIT,1.0,ttdf.graph_leak.v1,15,True,ttdf4_6b1aebe73fe2
True,pilot4_train,0.0,0.0,7,1.6667,COMPLETE,6,10,,,False,0,GOAL_BASED_IMPLICIT,1.0,ttdf.graph_leak.v1,13,True,ttdf4_6208fd18dc81
True,pilot4_train,0.0,0.0,8,0.875,COMPLETE,4,7,,,False,0,SEMI_IMPLICIT,0.5,ttdf.graph_leak.v1,3,True,ttdf4_f4aedcb38eed
False,pilot4_train,0.0,0.0,4,0.25,MEDIUM,1,1,,,True,2,PROCEDURAL_EXPLICIT,0.25,ttdf.graph_leak.v1,1,False,ttdf4_92cfb9d33286
True,pilot4_train,0.0,0.0,2,1.0,COMPLETE,0,1,,,False,0,SEMI_IMPLICIT,0.0,ttdf.graph_leak.v1,0,True,ttdf4_4f4babc5d058
True,pilot4_train,0.0,0.0,3,1.5,COMPLETE,2,3,,,False,0,GOAL_BASED_IMPLICIT,1.0,ttdf.graph_leak.v1,5,True,ttdf4_95f363993a41
True,pilot4_train,0.0,0.0,2,2.0,COMPLETE,1,2,,,False,0,GOAL_BASED_IMPLICIT,1.0,ttdf.graph_leak.v1,3,True,ttdf4_b304f1667079
True,pilot4_train,0.0,0.0,2,2.0,COMPLETE,1,2,,,False,0,GOAL_BASED_IMPLICIT,1.0,ttdf.graph_leak.v1,3,True,ttdf4_b9e48f758d70
True,pilot4_train,0.0,0.0,2,2.0,COMPLETE,1,2,,,False,0,GOAL_BASED_IMPLICIT,1.0,ttdf.graph_leak.v1,3,True,ttdf4_a170d1ce06e7
True,pilot4_train,0.0,0.0,3,1.5,COMPLETE,2,3,,,False,0,GOAL_BASED_IMPLICIT,1.0,ttdf.graph_leak.v1,5,True,ttdf4_6c7fa9c811a3
True,pilot4_train,0.0,0.0,2,2.0,COMPLETE,1,2,,,False,0,GOAL_BASED_IMPLICIT,1.0,ttdf.graph_leak.v1,3,True,ttdf4_364471a63592
True,pilot4_train,0.0,0.0,3,1.6667,COMPLETE,3,5,,,False,0,GOAL_BASED_IMPLICIT,1.0,ttdf.graph_leak.v1,6,True,ttdf4_0becba993340
True,pilot4_train,0.0,0.0,3,2.0,COMPLETE,2,4,,,False,0,GOAL_BASED_IMPLICIT,1.0,ttdf.graph_leak.v1,5,True,ttdf4_b2277abd6665
True,pilot4_train,0.0,0.0,4,1.75,COMPLETE,4,7,,,False,0,GOAL_BASED_IMPLICIT,1.0,ttdf.graph_leak.v1,8,True,ttdf4_8dd5e2641f71
True,pilot4_train,0.0,0.0,7,1.0,COMPLETE,0,6,,,False,0,SEMI_IMPLICIT,0.0,ttdf.graph_leak.v1,0,True,ttdf4_f2bedc9449ed
True,pilot4_train,0.0,0.0,2,2.0,COMPLETE,1,2,,,False,0,GOAL_BASED_IMPLICIT,1.0,ttdf.graph_leak.v1,3,True,ttdf4_a14b45dce603
True,pilot4_train,0.0,0.0,2,2.0,COMPLETE,1,2,,,False,0,GOAL_BASED_IMPLICIT,1.0,ttdf.graph_leak.v1,3,True,ttdf4_eeba971b12de
True,pilot4_train,0.0,0.0,2,2.0,COMPLETE,1,2,,,False,0,GOAL_BASED_IMPLICIT,1.0,ttdf.graph_leak.v1,3,True,ttdf4_8ea534d792d0
True,pilot4_train,0.0,0.0,8,1.8571,COMPLETE,7,13,,,False,0,GOAL_BASED_IMPLICIT,1.0,ttdf.graph_leak.v1,15,True,ttdf4_8a9bb1ec3bfa
True,pilot4_train,0.0,0.0,3,1.0,COMPLETE,1,2,,,False,0,SEMI_IMPLICIT,0.5,ttdf.graph_leak.v1,0,True,ttdf4_f213381463f2
False,pilot4_train,1.0,1.0,6,0.5,HIGH,3,3,,,True,4,PROCEDURAL_EXPLICIT,0.5,ttdf.graph_leak.v1,3,False,ttdf4_49eccb42a637
True,pilot4_train,0.0,0.0,5,1.6,COMPLETE,5,8,,,False,0,GOAL_BASED_IMPLICIT,1.0,ttdf.graph_leak.v1,10,True,ttdf4_716f9625919d
True,pilot4_train,0.0,0.0,3,2.0,COMPLETE,2,4,,,False,0,GOAL_BASED_IMPLICIT,1.0,ttdf.graph_leak.v1,5,True,ttdf4_1b7345fc5412
False,pilot4_train,0.0,0.0,4,0.6667,HIGH,4,2,,,True,3,PROCEDURAL_EXPLICIT,1.0,ttdf.graph_leak.v1,2,False,ttdf4_620c0c7bade7
True,pilot4_train,0.0,0.0,5,0.8,HIGH,3,4,,,False,0,SEMI_IMPLICIT,0.6,ttdf.graph_leak.v1,2,True,ttdf4_a3e69fd43cc2
False,pilot4_train,0.0,0.0,3,0.5,HIGH,1,1,,,True,1,PROCEDURAL_EXPLICIT,0.5,ttdf.graph_leak.v1,1,False,ttdf4_221669f8bad9
True,pilot4_train,0.0,0.0,2,2.0,COMPLETE,1,2,,,False,0,GOAL_BASED_IMPLICIT,1.0,ttdf.graph_leak.v1,3,True,ttdf4_4943efda0bb7
True,pilot4_train,0.0,0.0,5,1.6667,COMPLETE,6,10,,,False,0,GOAL_BASED_IMPLICIT,1.0,ttdf.graph_leak.v1,11,True,ttdf4_a4512689766c
False,pilot4_train,0.0,0.0,7,0.1429,MEDIUM,1,1,,,True,2,PROCEDURAL_EXPLICIT,0.1429,ttdf.graph_leak.v1,1,False,ttdf4_ae66b85315c4
True,pilot4_train,0.0,0.0,3,2.0,COMPLETE,2,4,,,False,0,GOAL_BASED_IMPLICIT,1.0,ttdf.graph_leak.v1,5,True,ttdf4_e90d3064715d
True,pilot4_train,0.0,0.0,5,1.6,COMPLETE,5,8,,,False,0,GOAL_BASED_IMPLICIT,1.0,ttdf.graph_leak.v1,10,True,ttdf4_41c2144b0c1e
True,pilot4_train,0.0,0.0,3,2.0,COMPLETE,2,4,,,False,0,GOAL_BASED_IMPLICIT,1.0,ttdf.graph_leak.v1,5,True,ttdf4_4335e6a3a350
True,pilot4_train,0.0,0.0,7,1.7143,COMPLETE,7,12,,,False,0,GOAL_BASED_IMPLICIT,1.0,ttdf.graph_leak.v1,14,True,ttdf4_5b4949397584
True,pilot4_train,0.0,0.0,7,1.7143,COMPLETE,7,12,,,False,0,GOAL_BASED_IMPLICIT,1.0,ttdf.graph_leak.v1,14,True,ttdf4_3b929b1c345c
True,pilot4_train,0.0,0.0,2,2.0,COMPLETE,1,2,,,False,0,GOAL_BASED_IMPLICIT,1.0,ttdf.graph_leak.v1,3,True,ttdf4_fee93801aa66
True,pilot4_train,0.0,0.0,2,2.0,COMPLETE,1,2,,,False,0,GOAL_BASED_IMPLICIT,1.0,ttdf.graph_leak.v1,3,True,ttdf4_929eeb9f868f
True,pilot4_train,0.0,0.0,8,1.5714,COMPLETE,7,11,,,False,1,GOAL_BASED_IMPLICIT,1.0,ttdf.graph_leak.v1,15,True,ttdf4_2c61a4f800f7
True,pilot4_train,0.0,0.0,7,1.6667,COMPLETE,6,10,,,False,1,GOAL_BASED_IMPLICIT,1.0,ttdf.graph_leak.v1,13,True,ttdf4_370925bced6a
True,pilot4_train,0.0,0.0,2,2.0,COMPLETE,1,2,,,False,0,GOAL_BASED_IMPLICIT,1.0,ttdf.graph_leak.v1,3,True,ttdf4_335dcd71a534
True,pilot4_train,0.0,0.0,3,2.0,COMPLETE,2,4,,,False,0,GOAL_BASED_IMPLICIT,1.0,ttdf.graph_leak.v1,5,True,ttdf4_1165175c147b
True,pilot4_train,0.0,0.0,8,1.5714,COMPLETE,7,11,,,False,0,GOAL_BASED_IMPLICIT,1.0,ttdf.graph_leak.v1,15,True,ttdf4_498efbc6cd5a
True,pilot4_train,0.0,0.0,4,1.0,COMPLETE,0,3,,,False,0,SEMI_IMPLICIT,0.0,ttdf.graph_leak.v1,0,True,ttdf4_0eed6f538f50
True,pilot4_train,0.0,0.0,2,1.0,COMPLETE,0,1,,,False,0,SEMI_IMPLICIT,0.0,ttdf.graph_leak.v1,0,True,ttdf4_efc0bd5e3359
True,pilot4_train,0.0,0.0,7,1.8333,COMPLETE,6,11,,,False,0,GOAL_BASED_IMPLICIT,1.0,ttdf.graph_leak.v1,13,True,ttdf4_e696ff353abc
True,pilot4_train,0.0,0.0,5,0.8,HIGH,1,4,,,False,0,SEMI_IMPLICIT,0.2,ttdf.graph_leak.v1,0,True,ttdf4_a2ada669b0df
True,pilot4_train,0.0,0.0,4,1.75,COMPLETE,4,7,,,False,0,GOAL_BASED_IMPLICIT,1.0,ttdf.graph_leak.v1,8,True,ttdf4_87f239fbd781
True,pilot4_train,0.0,0.0,3,1.5,COMPLETE,2,3,,,False,0,GOAL_BASED_IMPLICIT,1.0,ttdf.graph_leak.v1,5,True,ttdf4_d7cc1f47a61f
True,pilot4_train,0.0,0.0,2,2.0,COMPLETE,1,2,,,False,0,GOAL_BASED_IMPLICIT,1.0,ttdf.graph_leak.v1,3,True,ttdf4_26c0648766f6
True,pilot4_train,0.0,0.0,2,2.0,COMPLETE,1,2,,,False,0,GOAL_BASED_IMPLICIT,1.0,ttdf.graph_leak.v1,3,True,ttdf4_77f6586680d1
True,pilot4_train,0.0,0.0,2,2.0,COMPLETE,1,2,,,False,0,GOAL_BASED_IMPLICIT,1.0,ttdf.graph_leak.v1,3,True,ttdf4_161683013ccb
True,pilot4_train,0.0,0.0,4,1.6667,COMPLETE,3,5,,,False,0,GOAL_BASED_IMPLICIT,1.0,ttdf.graph_leak.v1,7,True,ttdf4_2493adb7107a
True,pilot4_train,0.0,0.0,2,2.0,COMPLETE,1,2,,,False,0,GOAL_BASED_IMPLICIT,1.0,ttdf.graph_leak.v1,3,True,ttdf4_ed6bdf51d935
True,pilot4_train,0.0,0.0,3,1.0,COMPLETE,1,2,,,False,0,SEMI_IMPLICIT,0.5,ttdf.graph_leak.v1,0,True,ttdf4_1596b2a2f2ff
True,pilot4_train,0.0,0.0,3,2.0,COMPLETE,2,4,,,False,0,GOAL_BASED_IMPLICIT,1.0,ttdf.graph_leak.v1,5,True,ttdf4_c34ddb4cf454
True,pilot4_train,0.0,0.0,2,2.0,COMPLETE,1,2,,,False,0,GOAL_BASED_IMPLICIT,1.0,ttdf.graph_leak.v1,3,True,ttdf4_117690f30f34
True,pilot4_train,0.0,0.0,8,1.6667,COMPLETE,9,15,,,False,0,GOAL_BASED_IMPLICIT,1.0,ttdf.graph_leak.v1,17,True,ttdf4_2563f98be113
True,pilot4_train,0.0,0.0,4,1.6667,COMPLETE,3,5,,,False,0,GOAL_BASED_IMPLICIT,1.0,ttdf.graph_leak.v1,7,True,ttdf4_03bf866bb644
True,pilot4_train,0.0,0.0,8,1.625,COMPLETE,8,13,,,False,0,GOAL_BASED_IMPLICIT,1.0,ttdf.graph_leak.v1,16,True,ttdf4_8c9d0d3a3cdb
True,pilot4_train,0.0,0.0,6,1.0,COMPLETE,0,5,,,False,0,SEMI_IMPLICIT,0.0,ttdf.graph_leak.v1,0,True,ttdf4_08b0cfd6099d
True,pilot4_train,0.0,0.0,3,1.6667,COMPLETE,3,5,,,False,0,GOAL_BASED_IMPLICIT,1.0,ttdf.graph_leak.v1,6,True,ttdf4_b50199c65769
True,pilot4_train,0.0,0.0,2,2.0,COMPLETE,1,2,,,False,0,GOAL_BASED_IMPLICIT,1.0,ttdf.graph_leak.v1,3,True,ttdf4_8bb95e42af46
True,pilot4_train,0.0,0.0,4,1.75,COMPLETE,4,7,,,False,0,GOAL_BASED_IMPLICIT,1.0,ttdf.graph_leak.v1,8,True,ttdf4_c1ad1f7e040f
True,pilot4_train,0.0,0.0,2,1.0,COMPLETE,0,1,,,False,0,SEMI_IMPLICIT,0.0,ttdf.graph_leak.v1,0,True,ttdf4_4ccb1c40a260
False,pilot4_train,1.0,1.0,3,0.0,MEDIUM,0,0,,,True,1,PROCEDURAL_EXPLICIT,0.0,ttdf.graph_leak.v1,1,False,ttdf4_53b03a718f99
True,pilot4_train,0.0,0.0,6,1.8,COMPLETE,5,9,,,False,0,GOAL_BASED_IMPLICIT,1.0,ttdf.graph_leak.v1,11,True,ttdf4_93bf59511224
True,pilot4_train,0.0,0.0,2,2.0,COMPLETE,1,2,,,False,0,GOAL_BASED_IMPLICIT,1.0,ttdf.graph_leak.v1,3,True,ttdf4_e61a1e4f7fdd
True,pilot4_train,0.0,0.0,5,1.75,COMPLETE,4,7,,,False,0,GOAL_BASED_IMPLICIT,1.0,ttdf.graph_leak.v1,9,True,ttdf4_cdb98ade2c1b
False,pilot4_train,0.0,0.0,2,0.0,NONE,0,0,,,True,0,SEMI_IMPLICIT,0.0,ttdf.graph_leak.v1,0,False,ttdf4_8858fa54540a
True,pilot4_train,0.0,0.0,2,2.0,COMPLETE,1,2,,,False,0,GOAL_BASED_IMPLICIT,1.0,ttdf.graph_leak.v1,3,True,ttdf4_02b99d7f9d33
True,pilot4_train,0.0,0.0,8,1.7143,COMPLETE,7,12,,,False,0,GOAL_BASED_IMPLICIT,1.0,ttdf.graph_leak.v1,15,True,ttdf4_10303831d012
True,pilot4_train,0.0,0.0,2,1.0,COMPLETE,0,1,,,False,0,SEMI_IMPLICIT,0.0,ttdf.graph_leak.v1,0,True,ttdf4_a46043a2857b
True,pilot4_train,0.0,0.0,2,2.0,COMPLETE,1,2,,,False,0,GOAL_BASED_IMPLICIT,1.0,ttdf.graph_leak.v1,3,True,ttdf4_b4172af57acb
True,pilot4_train,0.0,0.0,4,1.75,COMPLETE,4,7,,,False,0,GOAL_BASED_IMPLICIT,1.0,ttdf.graph_leak.v1,8,True,ttdf4_6367ceeac7bd
True,pilot4_train,0.0,0.0,3,2.0,COMPLETE,2,4,,,False,0,GOAL_BASED_IMPLICIT,1.0,ttdf.graph_leak.v1,5,True,ttdf4_db32c710c738
True,pilot4_train,0.0,0.0,2,2.0,COMPLETE,1,2,,,False,0,GOAL_BASED_IMPLICIT,1.0,ttdf.graph_leak.v1,3,True,ttdf4_de7bfd7629d7
True,pilot4_train,0.0,0.0,5,1.75,COMPLETE,4,7,,,False,0,GOAL_BASED_IMPLICIT,1.0,ttdf.graph_leak.v1,9,True,ttdf4_7ba4550c9ff4
True,pilot4_train,0.0,0.0,4,0.75,HIGH,1,3,,,False,0,SEMI_IMPLICIT,0.25,ttdf.graph_leak.v1,1,True,ttdf4_f66a0edc6613
False,pilot4_train,0.0,0.0,2,0.0,NONE,0,0,,,True,0,SEMI_IMPLICIT,0.0,ttdf.graph_leak.v1,0,False,ttdf4_59fd13a8e697
False,pilot4_train,0.0,0.0,3,0.0,LOW,1,0,,,True,2,PROCEDURAL_EXPLICIT,0.5,ttdf.graph_leak.v1,0,False,ttdf4_a905b326235d
True,pilot4_train,0.0,0.0,2,2.0,COMPLETE,1,2,,,False,0,GOAL_BASED_IMPLICIT,1.0,ttdf.graph_leak.v1,3,True,ttdf4_341baeb6eaf7
True,pilot4_train,0.0,0.0,2,2.0,COMPLETE,1,2,,,False,0,GOAL_BASED_IMPLICIT,1.0,ttdf.graph_leak.v1,3,True,ttdf4_13132126c04b
True,pilot4_train,0.0,0.0,3,1.5,COMPLETE,2,3,,,False,0,GOAL_BASED_IMPLICIT,1.0,ttdf.graph_leak.v1,5,True,ttdf4_f12859d4076e
True,pilot4_train,0.0,0.0,3,2.0,COMPLETE,2,4,,,False,0,GOAL_BASED_IMPLICIT,1.0,ttdf.graph_leak.v1,5,True,ttdf4_a49d46c7f645
True,pilot4_train,0.0,0.0,4,1.6667,COMPLETE,3,5,,,False,0,GOAL_BASED_IMPLICIT,1.0,ttdf.graph_leak.v1,7,True,ttdf4_2f28ab46c983
True,pilot4_train,1.0,1.0,7,1.7143,COMPLETE,7,12,,,False,0,GOAL_BASED_IMPLICIT,1.0,ttdf.graph_leak.v1,14,True,ttdf4_0c2538791312
True,pilot4_train,0.0,0.0,2,2.0,COMPLETE,1,2,,,False,0,GOAL_BASED_IMPLICIT,1.0,ttdf.graph_leak.v1,3,True,ttdf4_aad46e7a891d
True,pilot4_train,0.0,0.0,2,2.0,COMPLETE,1,2,,,False,0,GOAL_BASED_IMPLICIT,1.0,ttdf.graph_leak.v1,3,True,ttdf4_2ce6ceeecb0a
True,pilot4_train,0.0,0.0,4,1.0,COMPLETE,1,3,,,False,0,SEMI_IMPLICIT,0.3333,ttdf.graph_leak.v1,1,True,ttdf4_a776cebbfc71
True,pilot4_train,0.0,0.0,3,2.0,COMPLETE,2,4,,,False,0,GOAL_BASED_IMPLICIT,1.0,ttdf.graph_leak.v1,5,True,ttdf4_0ce2d2ca680d
True,pilot4_train,0.0,0.0,2,2.0,COMPLETE,1,2,,,False,0,GOAL_BASED_IMPLICIT,1.0,ttdf.graph_leak.v1,3,True,ttdf4_d4aadbed0544
True,pilot4_train,0.0,0.0,5,1.6667,COMPLETE,6,10,,,False,0,GOAL_BASED_IMPLICIT,1.0,ttdf.graph_leak.v1,11,True,ttdf4_b0a253135952
True,pilot4_train,0.0,0.0,3,1.6667,COMPLETE,3,5,,,False,0,GOAL_BASED_IMPLICIT,1.0,ttdf.graph_leak.v1,6,True,ttdf4_a5e5e5e8b802
True,pilot4_train,0.0,0.0,8,1.5714,COMPLETE,7,11,,,False,0,GOAL_BASED_IMPLICIT,1.0,ttdf.graph_leak.v1,15,True,ttdf4_f244dd81fd89
True,pilot4_train,0.0,0.0,3,1.5,COMPLETE,2,3,,,False,0,GOAL_BASED_IMPLICIT,1.0,ttdf.graph_leak.v1,5,True,ttdf4_36bc71f0e5f1
True,pilot4_train,0.0,0.0,2,2.0,COMPLETE,1,2,,,False,0,GOAL_BASED_IMPLICIT,1.0,ttdf.graph_leak.v1,3,True,ttdf4_4ba36d3729d5
True,pilot4_train,0.0,0.0,3,1.0,COMPLETE,0,2,,,False,0,SEMI_IMPLICIT,0.0,ttdf.graph_leak.v1,0,True,ttdf4_084d86c572ad
False,pilot4_train,1.0,1.0,4,0.5,HIGH,2,2,,,True,2,PROCEDURAL_EXPLICIT,0.5,ttdf.graph_leak.v1,2,False,ttdf4_91481ea63bb5
True,pilot4_train,0.0,0.0,4,1.6667,COMPLETE,3,5,,,False,0,GOAL_BASED_IMPLICIT,1.0,ttdf.graph_leak.v1,7,True,ttdf4_968438601963
False,pilot4_train,0.0,0.0,3,0.0,MEDIUM,0,0,,,True,1,PROCEDURAL_EXPLICIT,0.0,ttdf.graph_leak.v1,1,False,ttdf4_112273e3e75d
True,pilot4_train,0.0,0.0,2,2.0,COMPLETE,1,2,,,False,0,GOAL_BASED_IMPLICIT,1.0,ttdf.graph_leak.v1,3,True,ttdf4_893153778421
True,pilot4_train,0.0,0.0,3,1.0,COMPLETE,1,2,,,False,0,SEMI_IMPLICIT,0.5,ttdf.graph_leak.v1,0,True,ttdf4_4b9d9ded4d9e
True,pilot4_train,0.0,0.0,3,1.0,COMPLETE,0,2,,,False,0,SEMI_IMPLICIT,0.0,ttdf.graph_leak.v1,0,True,ttdf4_46cf1752bb0a
True,pilot4_train,0.0,0.0,3,2.0,COMPLETE,2,4,,,False,0,GOAL_BASED_IMPLICIT,1.0,ttdf.graph_leak.v1,5,True,ttdf4_1fc8188b85d8
True,pilot4_train,0.0,0.0,6,1.8333,COMPLETE,6,11,,,False,0,GOAL_BASED_IMPLICIT,1.0,ttdf.graph_leak.v1,12,True,ttdf4_1f897f76ca29
True,pilot4_train,0.0,0.0,3,2.0,COMPLETE,2,4,,,False,1,GOAL_BASED_IMPLICIT,1.0,ttdf.graph_leak.v1,5,True,ttdf4_98af96889c31
False,pilot4_train,0.0,0.0,3,0.0,LOW,0,0,,,True,2,PROCEDURAL_EXPLICIT,0.0,ttdf.graph_leak.v1,0,False,ttdf4_2178f40065b2
True,pilot4_train,0.0,0.0,3,1.6667,COMPLETE,3,5,,,False,0,GOAL_BASED_IMPLICIT,1.0,ttdf.graph_leak.v1,6,True,ttdf4_e27839dc783f
True,pilot4_train,0.0,0.0,3,2.0,COMPLETE,2,4,,,False,0,GOAL_BASED_IMPLICIT,1.0,ttdf.graph_leak.v1,5,True,ttdf4_c7c792d92678
True,pilot4_train,0.0,0.0,5,1.6,COMPLETE,5,8,,,False,1,GOAL_BASED_IMPLICIT,1.0,ttdf.graph_leak.v1,10,True,ttdf4_e433669629ea
True,pilot4_train,0.0,0.0,2,2.0,COMPLETE,1,2,,,False,0,GOAL_BASED_IMPLICIT,1.0,ttdf.graph_leak.v1,3,True,ttdf4_ba658237a332
True,pilot4_train,0.0,0.0,8,1.75,COMPLETE,8,14,,,False,0,GOAL_BASED_IMPLICIT,1.0,ttdf.graph_leak.v1,16,True,ttdf4_af408289b179
True,pilot4_train,0.0,0.0,4,1.6667,COMPLETE,3,5,,,False,0,GOAL_BASED_IMPLICIT,1.0,ttdf.graph_leak.v1,7,True,ttdf4_969fad7dc638
True,pilot4_train,0.0,0.0,3,2.0,COMPLETE,2,4,,,False,0,GOAL_BASED_IMPLICIT,1.0,ttdf.graph_leak.v1,5,True,ttdf4_32605fad651b
True,pilot4_train,0.0,0.0,7,1.5714,COMPLETE,7,11,,,False,0,GOAL_BASED_IMPLICIT,1.0,ttdf.graph_leak.v1,14,True,ttdf4_debcc9c1aa4d
True,pilot4_train,0.0,0.0,2,2.0,COMPLETE,1,2,,,False,0,GOAL_BASED_IMPLICIT,1.0,ttdf.graph_leak.v1,3,True,ttdf4_e9d2b8b008a9
True,pilot4_train,0.0,0.0,3,2.0,COMPLETE,2,4,,,False,0,GOAL_BASED_IMPLICIT,1.0,ttdf.graph_leak.v1,5,True,ttdf4_e3d471c8d2e8
True,pilot4_train,0.0,0.0,5,1.8,COMPLETE,5,9,,,False,0,GOAL_BASED_IMPLICIT,1.0,ttdf.graph_leak.v1,10,True,ttdf4_2ca6edc9306b
True,pilot4_train,0.0,0.0,4,1.6667,COMPLETE,3,5,,,False,0,GOAL_BASED_IMPLICIT,1.0,ttdf.graph_leak.v1,7,True,ttdf4_769f04776679
True,pilot4_train,0.0,0.0,7,1.8333,COMPLETE,6,11,,,False,0,GOAL_BASED_IMPLICIT,1.0,ttdf.graph_leak.v1,13,True,ttdf4_8d64c6e39aaf
True,pilot4_train,0.0,0.0,3,2.0,COMPLETE,2,4,,,False,0,GOAL_BASED_IMPLICIT,1.0,ttdf.graph_leak.v1,5,True,ttdf4_0f50b9751b0a
False,pilot4_train,0.0,0.0,6,0.6667,HIGH,4,4,,,True,4,PROCEDURAL_EXPLICIT,0.6667,ttdf.graph_leak.v1,4,False,ttdf4_37b8dcc281ab
True,pilot4_train,0.0,0.0,2,2.0,COMPLETE,1,2,,,False,0,GOAL_BASED_IMPLICIT,1.0,ttdf.graph_leak.v1,3,True,ttdf4_68246a2925bf
True,pilot4_train,0.0,0.0,5,1.75,COMPLETE,4,7,,,False,0,GOAL_BASED_IMPLICIT,1.0,ttdf.graph_leak.v1,9,True,ttdf4_1a30822db1c5
True,pilot4_train,0.0,0.0,2,2.0,COMPLETE,1,2,,,False,0,GOAL_BASED_IMPLICIT,1.0,ttdf.graph_leak.v1,3,True,ttdf4_1ea69456dada
True,pilot4_train,0.0,0.0,8,1.75,COMPLETE,8,14,,,False,0,GOAL_BASED_IMPLICIT,1.0,ttdf.graph_leak.v1,16,True,ttdf4_69c95ef28279
True,pilot4_train,0.0,0.0,2,2.0,COMPLETE,1,2,,,False,0,GOAL_BASED_IMPLICIT,1.0,ttdf.graph_leak.v1,3,True,ttdf4_63330cf39707
True,pilot4_train,0.0,0.0,5,1.6667,COMPLETE,6,10,,,False,0,GOAL_BASED_IMPLICIT,1.0,ttdf.graph_leak.v1,11,True,ttdf4_e0f6ee5d042c
True,pilot4_train,0.0,0.0,2,2.0,COMPLETE,1,2,,,False,0,GOAL_BASED_IMPLICIT,1.0,ttdf.graph_leak.v1,3,True,ttdf4_79d18f007d8b
True,pilot4_train,0.0,0.0,4,1.75,COMPLETE,4,7,,,False,0,GOAL_BASED_IMPLICIT,1.0,ttdf.graph_leak.v1,8,True,ttdf4_7b683ab0e2ef
True,pilot4_train,0.0,0.0,6,1.6667,COMPLETE,6,10,,,False,0,GOAL_BASED_IMPLICIT,1.0,ttdf.graph_leak.v1,12,True,ttdf4_89aa284a3d89
True,pilot4_train,0.0,0.0,5,1.0,COMPLETE,2,4,,,False,0,SEMI_IMPLICIT,0.5,ttdf.graph_leak.v1,0,True,ttdf4_c88f630c1f89
True,pilot4_train,0.0,0.0,2,2.0,COMPLETE,1,2,,,False,0,GOAL_BASED_IMPLICIT,1.0,ttdf.graph_leak.v1,3,True,ttdf4_4003b78ea94a
True,pilot4_train,0.0,0.0,4,1.6667,COMPLETE,3,5,,,False,0,GOAL_BASED_IMPLICIT,1.0,ttdf.graph_leak.v1,7,True,ttdf4_6198924ea769
True,pilot4_train,0.0,0.0,4,1.6667,COMPLETE,3,5,,,False,0,GOAL_BASED_IMPLICIT,1.0,ttdf.graph_leak.v1,7,True,ttdf4_06d53c3e0404
True,pilot4_train,0.0,0.0,2,1.0,COMPLETE,0,1,,,False,0,SEMI_IMPLICIT,0.0,ttdf.graph_leak.v1,0,True,ttdf4_d2ee48455c77
True,pilot4_train,0.0,0.0,4,1.0,COMPLETE,0,3,,,False,0,SEMI_IMPLICIT,0.0,ttdf.graph_leak.v1,0,True,ttdf4_f51ef3303f59
True,pilot4_train,1.0,1.0,3,1.0,COMPLETE,1,2,,,False,0,SEMI_IMPLICIT,0.5,ttdf.graph_leak.v1,0,True,ttdf4_470a752417f5
True,pilot4_train,0.0,0.0,5,1.6667,COMPLETE,6,10,,,False,0,GOAL_BASED_IMPLICIT,1.0,ttdf.graph_leak.v1,11,True,ttdf4_c7c6f0cf359a
True,pilot4_train,0.0,0.0,5,1.6,COMPLETE,5,8,,,False,0,GOAL_BASED_IMPLICIT,1.0,ttdf.graph_leak.v1,10,True,ttdf4_c49ad2e569b1
True,pilot4_train,0.0,0.0,2,1.0,COMPLETE,0,1,,,False,0,SEMI_IMPLICIT,0.0,ttdf.graph_leak.v1,0,True,ttdf4_e6f9bc853019
True,pilot4_train,0.0,0.0,6,1.6667,COMPLETE,6,10,,,False,0,GOAL_BASED_IMPLICIT,1.0,ttdf.graph_leak.v1,12,True,ttdf4_ce0dccb2c117
True,pilot4_train,1.0,1.0,4,0.75,HIGH,1,3,,,False,0,SEMI_IMPLICIT,0.25,ttdf.graph_leak.v1,1,True,ttdf4_b7d3090d3b1f
True,pilot4_train,0.0,0.0,8,1.625,COMPLETE,8,13,,,False,0,GOAL_BASED_IMPLICIT,1.0,ttdf.graph_leak.v1,16,True,ttdf4_2335350f5278
True,pilot4_train,0.0,0.0,6,1.8,COMPLETE,5,9,,,False,0,GOAL_BASED_IMPLICIT,1.0,ttdf.graph_leak.v1,11,True,ttdf4_15d7e89fa2fd
True,pilot4_train,0.0,0.0,8,1.7778,COMPLETE,9,16,,,False,0,GOAL_BASED_IMPLICIT,1.0,ttdf.graph_leak.v1,17,True,ttdf4_e09f35b9b3a0
True,pilot4_train,0.0,0.0,3,0.6667,HIGH,0,2,,,False,0,SEMI_IMPLICIT,0.0,ttdf.graph_leak.v1,0,True,ttdf4_5c896757e3e9
True,pilot4_train,0.0,0.0,5,0.8,HIGH,1,4,,,False,0,SEMI_IMPLICIT,0.2,ttdf.graph_leak.v1,0,True,ttdf4_d6dca76feebd
True,pilot4_train,0.0,0.0,8,1.625,COMPLETE,8,13,,,False,0,GOAL_BASED_IMPLICIT,1.0,ttdf.graph_leak.v1,16,True,ttdf4_d9abffb10867
True,pilot4_train,0.0,0.0,3,2.0,COMPLETE,2,4,,,False,0,GOAL_BASED_IMPLICIT,1.0,ttdf.graph_leak.v1,5,True,ttdf4_c3f224ff8cf6
True,pilot4_train,0.0,0.0,8,0.875,COMPLETE,1,7,,,False,0,SEMI_IMPLICIT,0.125,ttdf.graph_leak.v1,0,True,ttdf4_bbf5dc4f7d16
True,pilot4_train,0.0,0.0,2,1.0,COMPLETE,0,1,,,False,0,SEMI_IMPLICIT,0.0,ttdf.graph_leak.v1,0,True,ttdf4_2dbfa945c246
True,pilot4_train,0.0,0.0,3,2.0,COMPLETE,2,4,,,False,0,GOAL_BASED_IMPLICIT,1.0,ttdf.graph_leak.v1,5,True,ttdf4_f06f236ce317
True,pilot4_train,0.0,0.0,2,2.0,COMPLETE,1,2,,,False,0,GOAL_BASED_IMPLICIT,1.0,ttdf.graph_leak.v1,3,True,ttdf4_e71ee7480dd1
True,pilot4_train,0.0,0.0,5,0.8,HIGH,1,4,,,False,0,SEMI_IMPLICIT,0.2,ttdf.graph_leak.v1,1,True,ttdf4_9715be68a9bd
True,pilot4_train,0.0,0.0,2,2.0,COMPLETE,1,2,,,False,0,GOAL_BASED_IMPLICIT,1.0,ttdf.graph_leak.v1,3,True,ttdf4_7dfe6ae6927f
False,pilot4_train,0.0,0.0,5,0.5,HIGH,5,2,,,True,4,PROCEDURAL_EXPLICIT,1.0,ttdf.graph_leak.v1,2,False,ttdf4_448026ef1482
True,pilot4_train,0.0,0.0,2,2.0,COMPLETE,1,2,,,False,0,GOAL_BASED_IMPLICIT,1.0,ttdf.graph_leak.v1,3,True,ttdf4_3cc3d954ad1b
True,pilot4_train,0.0,0.0,5,1.6,COMPLETE,5,8,,,False,0,GOAL_BASED_IMPLICIT,1.0,ttdf.graph_leak.v1,10,True,ttdf4_7a3a05675baf
True,pilot4_train,0.0,0.0,7,1.8571,COMPLETE,7,13,,,False,0,GOAL_BASED_IMPLICIT,1.0,ttdf.graph_leak.v1,14,True,ttdf4_31f56d569e65
True,pilot4_train,0.0,0.0,3,2.0,COMPLETE,2,4,,,False,0,GOAL_BASED_IMPLICIT,1.0,ttdf.graph_leak.v1,5,True,ttdf4_0e2f41d07a39
True,pilot4_train,0.0,0.0,2,2.0,COMPLETE,1,2,,,False,0,GOAL_BASED_IMPLICIT,1.0,ttdf.graph_leak.v1,3,True,ttdf4_8fd9dcba1313
True,pilot4_train,0.0,0.0,4,1.6667,COMPLETE,3,5,,,False,0,GOAL_BASED_IMPLICIT,1.0,ttdf.graph_leak.v1,7,True,ttdf4_87c87db05bce
True,pilot4_train,0.0,0.0,4,1.75,COMPLETE,4,7,,,False,0,GOAL_BASED_IMPLICIT,1.0,ttdf.graph_leak.v1,8,True,ttdf4_fafbc2018d32
False,pilot4_train,0.0,0.0,3,0.3333,MEDIUM,1,1,,,True,1,PROCEDURAL_EXPLICIT,0.3333,ttdf.graph_leak.v1,1,False,ttdf4_b1bc9be18fe1
True,pilot4_train,0.0,0.0,4,1.75,COMPLETE,4,7,,,False,0,GOAL_BASED_IMPLICIT,1.0,ttdf.graph_leak.v1,8,True,ttdf4_c10b646fabcb
False,pilot4_train,1.0,1.0,6,0.0,LOW,4,0,,,True,5,PROCEDURAL_EXPLICIT,0.8,ttdf.graph_leak.v1,0,False,ttdf4_ad83bf1b4065
True,pilot4_train,0.0,0.0,2,2.0,COMPLETE,1,2,,,False,0,GOAL_BASED_IMPLICIT,1.0,ttdf.graph_leak.v1,3,True,ttdf4_47f801c3cea5
False,pilot4_train,0.0,0.0,6,0.2,MEDIUM,1,1,,,True,4,PROCEDURAL_EXPLICIT,0.2,ttdf.graph_leak.v1,2,False,ttdf4_c3a99765bf85
True,pilot4_train,0.0,0.0,6,1.6667,COMPLETE,6,10,,,False,0,GOAL_BASED_IMPLICIT,1.0,ttdf.graph_leak.v1,12,True,ttdf4_ff51e18e0f02
