c0_win,d1_win,delta_win,joint_cell,knn_distance,nearest_train_distance,ood_decile,ood_score,outcome,sample_id,train_cell_count
1,1,0,3|fan_in|topo_911586a55488|float|diagnostic,0.118,0.1111,0,0.1139,win_to_win,000b6bed-2a29-4199-a359-0e107922a1ff,0
0,0,0,2|linear|topo_fdeb50f24873|str|diagnostic,0.3343,0.3333,9,0.3337,loss_to_loss,01e1c208-31dc-4ae6-89ae-da9efb73c7e3,0
0,0,0,5|linear|topo_d228dd6db98a|float|diagnostic,0.2248,0.2222,4,0.2233,loss_to_loss,0214b225-23ae-4a8f-bb93-8fbaec94831c,0
1,0,-1,2|linear|topo_fdeb50f24873|int|diagnostic,0.2926,0.2249,8,0.252,win_to_loss,0219f9a1-ced9-4e6d-9b99-1570e1178b66,0
0,0,0,4|fan_in|topo_30980484d6d7|float|diagnostic,0.2306,0.2282,6,0.2292,loss_to_loss,037ab7a7-2503-4a04-9bde-f2d81c184790,0
0,0,0,2|linear|topo_fdeb50f24873|float|diagnostic,0.1224,0.1204,1,0.1212,loss_to_loss,038f3d86-b97b-49e6-b878-1b80c73fb744,0
0,0,0,2|linear|topo_fdeb50f24873|float|diagnostic,0.1224,0.1204,1,0.1212,loss_to_loss,047fb639-ca36-4a73-9407-507b8c3b4c5d,0
1,0,-1,3|fan_in|topo_911586a55488|float|diagnostic,0.118,0.1111,0,0.1139,win_to_loss,04bd68f8-3e77-4cda-b43f-c42616d95d33,0
0,0,0,6+|fan_in|topo_619388d6c582|float|diagnostic,0.209,0.1215,3,0.1565,loss_to_loss,04d81d58-98bf-4665-87aa-6eed765ce6f0,0
1,1,0,2|linear|topo_fdeb50f24873|float|diagnostic,0.1196,0.1167,0,0.1179,win_to_win,05b1bdbd-de3f-4773-b867-990b6006aef2,0
1,1,0,4|linear|topo_5296967693d8|float|diagnostic,0.1277,0.1182,2,0.122,win_to_win,05ec87ae-0659-42c3-82e8-a0645c4a70df,0
1,1,0,2|linear|topo_fdeb50f24873|bool|diagnostic,0.2231,0.2222,3,0.2226,win_to_win,06706b83-4657-4e2c-b372-af1d826f1b6e,0
0,0,0,6+|fan_in|topo_94b2ebdeffae|float|diagnostic,0.3607,0.3349,9,0.3452,loss_to_loss,07df2ad6-7ac0-4c6a-b79a-0b02782d0235,0
0,0,0,5|fan_in|topo_2b041b861492|float|diagnostic,0.2531,0.2247,7,0.236,loss_to_loss,081ad64a-4bb8-4a0c-b2df-c21b7bc8cc35,0
0,0,0,2|linear|topo_fdeb50f24873|str|diagnostic,0.334,0.3337,9,0.3338,loss_to_loss,091b5d2a-206a-4ac4-81df-754ec6393b92,0
0,0,0,5|fan_in|topo_0c51481d8aeb|float|diagnostic,0.2533,0.2247,7,0.2361,loss_to_loss,0a126d0d-6cfc-4370-b0e1-765cae294529,0
0,1,1,4|fan_in|topo_bd3dd51ec1a9|float|diagnostic,0.1202,0.1171,1,0.1183,loss_to_win,0a78c579-29ef-4c96-918c-e8df417194dc,0
1,1,0,4|fan_in|topo_30980484d6d7|float|diagnostic,0.1202,0.1171,1,0.1183,win_to_win,0af2696a-9970-4e55-ad31-57e14ca65f20,0
1,1,0,3|linear|topo_1c8dbe1830b2|float|diagnostic,0.2347,0.2318,7,0.2329,win_to_win,0b84b61f-8ee3-443f-a2f6-120462682951,0
0,0,0,4|linear|topo_5296967693d8|float|diagnostic,0.231,0.2269,5,0.2285,loss_to_loss,0b8c39be-fcda-4d8c-b2d9-710a48d8d955,0
1,1,0,5|fan_in|topo_7279e5f4b24a|float|diagnostic,0.2355,0.2317,7,0.2332,win_to_win,0baca5f1-6810-42b0-a9b4-051f76316bf1,0
0,0,0,2|linear|topo_fdeb50f24873|list|diagnostic,0.2319,0.2247,4,0.2276,loss_to_loss,0bb06ff9-8b0e-4eba-ae38-7dbab0ccc741,0
1,1,0,2|linear|topo_fdeb50f24873|float|diagnostic,0.1224,0.1204,1,0.1212,win_to_win,0c3f5a6d-1aec-4d52-9310-c0e0ab651fef,0
1,1,0,2|linear|topo_fdeb50f24873|float|diagnostic,0.1224,0.1204,1,0.1212,win_to_win,0c5881b2-9556-42dd-8922-00d35a26becd,0
0,0,0,2|linear|topo_fdeb50f24873|str|diagnostic,0.2229,0.2226,3,0.2227,loss_to_loss,0cea3214-8bbb-443a-943e-de9038f8b5f9,0
0,0,0,2|linear|topo_fdeb50f24873|str|diagnostic,0.2923,0.224,8,0.2513,loss_to_loss,0d77d7ab-46ff-419f-882f-a34511651f6a,0
0,0,0,4|fan_in|topo_bd3dd51ec1a9|float|diagnostic,0.1202,0.1171,1,0.1183,loss_to_loss,0e370f74-67af-4218-a65f-8f39d4562c48,0
0,0,0,6+|fan_in|topo_dd4701abf20a|float|diagnostic,0.2534,0.2255,7,0.2366,loss_to_loss,0edcb8a5-990e-4830-b55e-f920ac2ec474,0
0,0,0,3|linear|topo_1c8dbe1830b2|float|diagnostic,0.168,0.1216,3,0.1402,loss_to_loss,0ef8ad41-e5ac-47dc-bc73-3ff7e647aa7e,0
0,1,1,2|linear|topo_fdeb50f24873|int|diagnostic,0.275,0.2246,7,0.2447,loss_to_win,0f0a365f-d57e-4682-891b-b43b9d244d33,0
0,0,0,4|linear|topo_5296967693d8|float|diagnostic,0.231,0.2269,5,0.2285,loss_to_loss,0f1d3aca-4e40-45a9-b1e8-9ef76e1e1cd2,0
1,1,0,5|fan_in|topo_5dc2042eea23|float|diagnostic,0.2485,0.116,3,0.169,win_to_win,0f4234c1-7508-46d2-85b3-6f659be4a9e5,0
1,1,0,5|fan_in|topo_774030263969|float|diagnostic,0.2533,0.2247,7,0.2361,win_to_win,0fcd0f80-2059-4e14-ba8f-04a89cb13ec8,0
1,1,0,3|linear|topo_1c8dbe1830b2|float|diagnostic,0.2347,0.2318,7,0.2329,win_to_win,100cb8c9-03ec-428f-ad0c-75e2fc296aaa,0
1,1,0,3|fan_in|topo_911586a55488|float|diagnostic,0.118,0.1111,0,0.1139,win_to_win,10994d45-1097-43fa-965c-6cbdd1f7a2a0,0
1,1,0,4|fan_in|topo_5b37b75596d2|float|diagnostic,0.1202,0.1171,1,0.1183,win_to_win,115e0164-7c78-42bc-9fd9-9ef06892325b,0
1,1,0,6+|fan_in|topo_15e3d1d41487|float|diagnostic,0.3408,0.3363,9,0.3381,win_to_win,1163aa42-d931-4ae3-a9af-3800e1200319,0
1,1,0,6+|fan_in|topo_37f1fc553f96|float|diagnostic,0.2262,0.2222,4,0.2238,win_to_win,123ce206-69a4-4901-93c1-ec1089eb8660,0
1,1,0,5|fan_in|topo_5dc2042eea23|float|diagnostic,0.3148,0.2272,8,0.2622,win_to_win,127a6fdd-24ca-4bfb-841c-3e1d9605dc1e,0
0,0,0,5|fan_in|topo_5dc2042eea23|float|diagnostic,0.313,0.2272,8,0.2615,loss_to_loss,12b16d2a-7804-4be3-b278-86320411678e,0
0,0,0,6+|fan_in|topo_2048dd2b78ee|float|diagnostic,0.3143,0.2292,9,0.2632,loss_to_loss,12dc2f74-7b39-4722-a840-bca49488c27e,0
1,1,0,3|fan_in|topo_911586a55488|float|diagnostic,0.118,0.1111,0,0.1139,win_to_win,1310e585-1996-4df5-93f4-9f0b5a0838fd,0
0,0,0,5|fan_in|topo_17d840e0415f|float|diagnostic,0.3148,0.2272,8,0.2622,loss_to_loss,139b3427-bcac-4e67-aa20-de8bd3ad996b,0
1,1,0,2|linear|topo_fdeb50f24873|float|diagnostic,0.1224,0.1204,1,0.1212,win_to_win,13cbad3d-d768-4d4d-bfce-542b6af4c28c,0
0,0,0,2|linear|topo_fdeb50f24873|float|diagnostic,0.1224,0.1204,1,0.1212,loss_to_loss,141c02ac-0e10-4b84-8fee-d2c6d9878ff1,0
0,0,0,4|fan_in|topo_bd3dd51ec1a9|float|diagnostic,0.1202,0.1171,1,0.1183,loss_to_loss,147ffda7-4f8d-49e7-b4d7-799e4e43d10a,0
0,0,0,2|linear|topo_fdeb50f24873|list|diagnostic,0.2336,0.2224,4,0.2269,loss_to_loss,14dcf34c-1e76-4163-ae1e-b5d073ab2e30,0
1,1,0,4|fan_in|topo_bd3dd51ec1a9|float|diagnostic,0.1202,0.1171,1,0.1183,win_to_win,15475c99-4877-45c2-acb6-82b1b8fda842,0
0,0,0,5|fan_in|topo_774030263969|float|diagnostic,0.2279,0.2247,4,0.226,loss_to_loss,15c44ed2-3566-4319-b273-97c4c86fee73,0
0,0,0,4|fan_in|topo_bd3dd51ec1a9|float|diagnostic,0.2247,0.2222,3,0.2232,loss_to_loss,162bc9d2-4ec9-4bed-9e0b-4e9353dd8a93,0
0,0,0,5|fan_in|topo_7279e5f4b24a|float|diagnostic,0.1854,0.1192,3,0.1457,loss_to_loss,168257a8-a944-4dbc-8ae6-9b183edb9018,0
0,0,0,6+|fan_in|topo_6083e580bf00|float|diagnostic,0.2097,0.1225,3,0.1574,loss_to_loss,1687e9c2-fcd0-43f9-9cd4-ffbcdb497c48,0
0,0,0,2|linear|topo_fdeb50f24873|float|diagnostic,0.1224,0.1204,1,0.1212,loss_to_loss,1717147f-edc7-419b-9f2d-5f7fd6e2314b,0
0,1,1,5|linear|topo_d228dd6db98a|float|diagnostic,0.2248,0.2222,4,0.2233,loss_to_win,174a02ed-7ae5-4508-9754-d9408a886790,0
0,0,0,5|fan_in|topo_17d840e0415f|float|diagnostic,0.3148,0.2272,8,0.2622,loss_to_loss,1810cf06-7295-4bcb-aafb-ae1e0b6244cf,0
0,0,0,6+|fan_in|topo_76993c3ca74e|float|diagnostic,0.319,0.2388,9,0.2709,loss_to_loss,185a7140-1b85-41cf-bcf2-ae8025282e07,0
0,0,0,2|linear|topo_fdeb50f24873|str|diagnostic,0.2388,0.2261,6,0.2312,loss_to_loss,18c1e7de-838f-402c-b0eb-92740963761e,0
0,0,0,3|fan_in|topo_911586a55488|float|diagnostic,0.118,0.1111,0,0.1139,loss_to_loss,18f2119a-53e9-4e04-bd1a-2b88f2e68919,0
1,1,0,6+|fan_in|topo_48ee082e2dae|float|diagnostic,0.3388,0.3341,9,0.336,win_to_win,19dd3e9b-c499-4369-a5ba-c81c8c76f165,0
1,1,0,2|linear|topo_fdeb50f24873|str|diagnostic,0.2799,0.2373,8,0.2544,win_to_win,1a23d01d-1bf7-4680-bcfc-784c194f031c,0
0,0,0,4|linear|topo_5296967693d8|float|diagnostic,0.1232,0.1157,1,0.1187,loss_to_loss,1a95ac9a-3832-4f34-9b24-c5b7f210d666,0
0,0,0,5|fan_in|topo_7279e5f4b24a|float|diagnostic,0.2533,0.2247,7,0.2361,loss_to_loss,1b676365-4461-4b1a-b034-1e3f7906cb26,0
1,1,0,3|fan_in|topo_911586a55488|float|diagnostic,0.2228,0.2222,3,0.2224,win_to_win,1c055a2e-5491-46d7-aa89-b52d6c44c2d4,0
0,0,0,2|linear|topo_fdeb50f24873|str|diagnostic,0.2978,0.2971,9,0.2973,loss_to_loss,1c5f421d-82a1-41ee-82f1-44efc7f013ff,0
0,0,0,4|fan_in|topo_30980484d6d7|float|diagnostic,0.2306,0.2282,6,0.2292,loss_to_loss,1d7544df-ed8c-43e9-abb0-f7bc6228e485,0
0,0,0,2|linear|topo_fdeb50f24873|float|diagnostic,0.1224,0.1204,1,0.1212,loss_to_loss,1dcdbf2f-b7ae-4293-ba08-46491c9a32eb,0
0,1,1,5|linear|topo_d228dd6db98a|float|diagnostic,0.1138,0.1111,0,0.1122,loss_to_win,1ddeac74-83ee-4119-9100-83133001b0f5,0
1,1,0,5|fan_in|topo_52c12a6fa235|float|diagnostic,0.3148,0.2272,8,0.2622,win_to_win,1ed76362-d447-432f-8693-6b77e9b03e61,0
1,1,0,5|fan_in|topo_7279e5f4b24a|float|diagnostic,0.2531,0.2247,7,0.236,win_to_win,1fdcc183-f3ca-49ca-b7d9-2a8466034136,0
1,1,0,5|fan_in|topo_2b041b861492|float|diagnostic,0.2279,0.2247,4,0.226,win_to_win,1ff34864-aaf4-45ad-9132-b96cc6de3c63,0
0,0,0,5|fan_in|topo_6011a58939eb|float|diagnostic,0.2279,0.2247,4,0.226,loss_to_loss,203ee03e-405f-4fed-9322-30d5b03a0364,0
1,1,0,4|fan_in|topo_5b37b75596d2|float|diagnostic,0.2306,0.2282,6,0.2292,win_to_win,2074df88-ff97-47f7-824b-f0dea1f34aa8,0
1,1,0,4|fan_in|topo_bd3dd51ec1a9|float|diagnostic,0.2306,0.2282,6,0.2292,win_to_win,2092563a-202f-4984-b18b-d971f42a0f6e,0
0,0,0,6+|fan_in|topo_d8766ac6f63e|float|diagnostic,0.3143,0.2292,9,0.2632,loss_to_loss,2137514c-b124-42a1-a902-7b903792d2c7,0
0,0,0,2|linear|topo_fdeb50f24873|list|diagnostic,0.2358,0.2253,6,0.2295,loss_to_loss,2140a918-5ea0-4afb-bf9c-a6eaf5f74a1e,0
0,0,0,4|linear|topo_5296967693d8|float|diagnostic,0.231,0.2269,5,0.2285,loss_to_loss,215a654f-549a-47c1-b1ce-772fc2910045,0
0,0,0,3|linear|topo_1c8dbe1830b2|float|diagnostic,0.168,0.1216,3,0.1402,loss_to_loss,21611a3d-1312-4ca5-a55d-53ac907b8b95,0
0,1,1,2|linear|topo_fdeb50f24873|list|diagnostic,0.2307,0.2274,5,0.2287,loss_to_win,21d13279-bf86-4ffe-92fd-c65f65389f43,0
0,0,0,3|linear|topo_1c8dbe1830b2|float|diagnostic,0.1669,0.1207,2,0.1391,loss_to_loss,22040b6d-3b03-4762-a3bb-9688fac0fd97,0
1,1,0,3|linear|topo_1c8dbe1830b2|float|diagnostic,0.1669,0.1207,2,0.1391,win_to_win,22e261c5-6873-4bf8-9ad4-59bb993bed31,0
1,1,0,5|fan_in|topo_52c12a6fa235|float|diagnostic,0.313,0.2272,8,0.2615,win_to_win,236b5116-b02d-45f2-9a4e-18c83a35e11b,0
0,0,0,4|fan_in|topo_bd3dd51ec1a9|float|diagnostic,0.1202,0.1171,1,0.1183,loss_to_loss,23fb2017-6788-4dc2-a28a-403c6b473adb,0
0,1,1,4|linear|topo_5296967693d8|float|diagnostic,0.231,0.2269,5,0.2285,loss_to_win,24a1101f-819c-4ca7-a4e4-e7dee741c4f6,0
1,1,0,2|linear|topo_fdeb50f24873|str|diagnostic,0.2338,0.232,6,0.2327,win_to_win,24ae4dc9-6d14-426d-8a74-b148e2546e4d,0
1,1,0,4|fan_in|topo_5b37b75596d2|float|diagnostic,0.2306,0.2282,6,0.2292,win_to_win,25558ef9-4c6d-4de8-b3a4-a1f4bf6eb7b9,0
1,1,0,3|linear|topo_1c8dbe1830b2|float|diagnostic,0.1669,0.1207,2,0.1391,win_to_win,25632e5c-db71-4cc7-a47b-b41c35a1d514,0
1,1,0,4|linear|topo_5296967693d8|float|diagnostic,0.231,0.2269,5,0.2285,win_to_win,2570300a-af5a-4e4c-baa7-a5da634ac67c,0
1,1,0,2|linear|topo_fdeb50f24873|int|diagnostic,0.2273,0.2232,4,0.2249,win_to_win,266ec704-de4a-42a9-b0fe-5bded7b4ed40,0
1,1,0,3|fan_in|topo_911586a55488|float|diagnostic,0.118,0.1111,0,0.1139,win_to_win,27468e82-a565-4ac8-861b-13a7170839e9,0
1,1,0,4|fan_in|topo_bd3dd51ec1a9|float|diagnostic,0.1202,0.1171,1,0.1183,win_to_win,2829663a-a30b-420d-a777-ba7c289924c8,0
1,1,0,6+|fan_in|topo_37f1fc553f96|float|diagnostic,0.2118,0.1204,3,0.1569,win_to_win,2866f717-aa3b-44b8-b672-a0593d2207a3,0
0,0,0,4|fan_in|topo_bd3dd51ec1a9|float|diagnostic,0.1202,0.1171,1,0.1183,loss_to_loss,28cc5dca-3281-4afc-949b-f41784c210a4,0
0,0,0,2|linear|topo_fdeb50f24873|float|diagnostic,0.1224,0.1204,1,0.1212,loss_to_loss,2a22dbc6-0db5-454d-9f51-08ae20dc6d47,0
0,1,1,4|fan_in|topo_bd3dd51ec1a9|float|diagnostic,0.1142,0.1111,0,0.1124,loss_to_win,2b2c1931-a5c2-44a9-8283-08a4067256c2,0
1,1,0,5|fan_in|topo_52c12a6fa235|float|diagnostic,0.316,0.2272,8,0.2627,win_to_win,2b51319c-9997-4760-9111-50cec120c41c,0
1,1,0,4|fan_in|topo_30980484d6d7|float|diagnostic,0.1656,0.12,2,0.1382,win_to_win,2b820d2a-4e43-433b-939c-69e6e8719c57,0
1,1,0,2|linear|topo_fdeb50f24873|str|diagnostic,0.3335,0.3335,9,0.3335,win_to_win,2b837d55-e28b-4101-aba9-0f5bb4a2bfdf,0
0,0,0,2|linear|topo_fdeb50f24873|int|diagnostic,0.2377,0.2243,6,0.2297,loss_to_loss,2bb28af9-3cd9-4287-bfe3-c43b74cc6675,0
0,0,0,4|fan_in|topo_5b37b75596d2|float|diagnostic,0.2306,0.2282,6,0.2292,loss_to_loss,2c4dad3c-1c93-456b-a172-846d887fe793,0
0,0,0,3|linear|topo_1c8dbe1830b2|float|diagnostic,0.2347,0.2318,7,0.2329,loss_to_loss,2c787f80-62fe-4cd5-8205-930bb711b22a,0
1,1,0,3|fan_in|topo_911586a55488|float|diagnostic,0.118,0.1111,0,0.1139,win_to_win,2d151251-59a4-4470-a5ce-2b961771cce9,0
1,1,0,5|fan_in|topo_0c51481d8aeb|float|diagnostic,0.2279,0.2247,4,0.226,win_to_win,2d87c2a9-119e-4dca-a137-bad72526368e,0
1,1,0,5|fan_in|topo_6011a58939eb|float|diagnostic,0.2279,0.2247,4,0.226,win_to_win,2de63c8e-4a0e-418c-a608-998e6157ba44,0
1,1,0,3|linear|topo_1c8dbe1830b2|float|diagnostic,0.2347,0.2318,7,0.2329,win_to_win,2e458b03-c3d8-4794-8fc6-25f505ecbdc1,0
0,0,0,6+|fan_in|topo_d03a09e50cd7|float|diagnostic,0.3604,0.3344,9,0.3448,loss_to_loss,2e70b1d4-a123-4c7a-b4a7-3e31ac5cb464,0
0,0,0,5|fan_in|topo_774030263969|float|diagnostic,0.2279,0.2247,4,0.226,loss_to_loss,2e76a708-23a4-4091-bbd5-1ac893b3f389,0
1,1,0,6+|fan_in|topo_86dba62bb2ea|float|diagnostic,0.2797,0.2378,8,0.2545,win_to_win,2effd81d-6cc7-4291-a06f-ad803a993312,0
1,1,0,6+|fan_in|topo_a4f44e275b70|float|diagnostic,0.2942,0.2252,8,0.2528,win_to_win,2fda8d65-cacf-41a7-ac58-3f96be3fdc8b,0
1,1,0,6+|fan_in|topo_9c6659eccfdc|float|diagnostic,0.4472,0.445,9,0.4459,win_to_win,30559c69-6370-4eb4-82e8-724968e008b3,0
1,1,0,2|linear|topo_fdeb50f24873|float|diagnostic,0.1291,0.1164,2,0.1215,win_to_win,309caad0-09b3-4ebf-8ea8-2456d45ec64c,0
1,1,0,4|fan_in|topo_5b37b75596d2|float|diagnostic,0.2306,0.2282,6,0.2292,win_to_win,3129f9c0-c62b-4e2e-a3a5-11e8398b8403,0
0,0,0,3|mixed|topo_5c49d2fff8bb|list|diagnostic,0.4438,0.3711,9,0.4002,loss_to_loss,3171c089-3152-48db-90be-f576f555dfd6,0
1,1,0,4|linear|topo_5296967693d8|float|diagnostic,0.1277,0.1182,2,0.122,win_to_win,320629df-4548-4c22-984d-6ca08f47f331,0
0,0,0,5|fan_in|topo_0c51481d8aeb|float|diagnostic,0.182,0.1135,3,0.1409,loss_to_loss,32881593-1d74-40fd-9d4e-9ea812030a17,0
0,0,0,5|linear|topo_d228dd6db98a|float|diagnostic,0.1138,0.1111,0,0.1122,loss_to_loss,335daef0-edbe-4bb7-ae22-e68e0d60c81d,0
1,1,0,4|linear|topo_5296967693d8|float|diagnostic,0.231,0.2269,5,0.2285,win_to_win,338fc6ec-f0b9-4659-8fad-cffa199b9b14,0
1,0,-1,5|fan_in|topo_774030263969|float|diagnostic,0.182,0.1135,3,0.1409,win_to_loss,35adf4ad-dada-47dd-8c92-1af9100d6a8a,0
1,1,0,4|linear|topo_5296967693d8|float|diagnostic,0.1277,0.1182,2,0.122,win_to_win,35fc7be7-e78c-4c96-9cf6-a78a9b542ffe,0
0,0,0,2|linear|topo_fdeb50f24873|float|diagnostic,0.1189,0.1111,0,0.1142,loss_to_loss,368861a1-8382-4f9e-8574-1f9d7ad05f3e,0
1,1,0,6+|fan_in|topo_ace9c53050f0|float|diagnostic,0.2548,0.2306,7,0.2403,win_to_win,36ac0316-5e89-40e1-b85a-3dfc02daf78e,0
1,1,0,4|fan_in|topo_30980484d6d7|float|diagnostic,0.2306,0.2282,6,0.2292,win_to_win,36ba10c3-3023-4b26-b449-84787b535d77,0
1,1,0,4|fan_in|topo_5b37b75596d2|float|diagnostic,0.2306,0.2282,6,0.2292,win_to_win,370cba6c-f86f-4d80-a269-2c26578acd1a,0
0,0,0,2|linear|topo_fdeb50f24873|float|diagnostic,0.1196,0.1167,0,0.1179,loss_to_loss,383d4437-b8f5-42dc-b2f9-ccb05d1c595d,0
0,1,1,3|linear|topo_1c8dbe1830b2|float|diagnostic,0.1669,0.1207,2,0.1391,loss_to_win,38e7c22f-c209-4f49-8bbd-08bc3cb08203,0
0,0,0,3|linear|topo_1c8dbe1830b2|float|diagnostic,0.2347,0.2318,7,0.2329,loss_to_loss,3a4b7b77-f0a1-4537-8623-432023f545bb,0
0,0,0,4|linear|topo_5296967693d8|float|diagnostic,0.1277,0.1182,2,0.122,loss_to_loss,3b98a2de-9a2c-46d8-8a0a-3bdb46a33559,0
1,1,0,3|linear|topo_1c8dbe1830b2|float|diagnostic,0.1669,0.1207,2,0.1391,win_to_win,3baf684d-f14a-4696-b90f-0191b1df884b,0
1,1,0,2|linear|topo_fdeb50f24873|list|diagnostic,0.2303,0.2261,4,0.2278,win_to_win,3ca6bc7f-564f-40d0-ac57-c818298f26d5,0
0,0,0,4|fan_in|topo_30980484d6d7|float|diagnostic,0.1202,0.1171,1,0.1183,loss_to_loss,3ccc5de6-a0ef-4ef2-90b5-bd9bbf562ec1,0
1,1,0,4|fan_in|topo_bd3dd51ec1a9|float|diagnostic,0.2306,0.2282,6,0.2292,win_to_win,3dc09ed5-bf3e-4aaf-827b-597690c8b7c5,0
1,1,0,4|fan_in|topo_5b37b75596d2|float|diagnostic,0.1202,0.1171,1,0.1183,win_to_win,3df11343-0943-44cd-9caa-7191dea7d6be,0
0,0,0,6+|fan_in|topo_37f1fc553f96|float|diagnostic,0.1947,0.1247,3,0.1527,loss_to_loss,3e23d38f-95ac-4ec8-842e-f7ab9f1be7d0,0
0,0,0,4|fan_in|topo_bd3dd51ec1a9|float|diagnostic,0.1202,0.1171,1,0.1183,loss_to_loss,3e45d5f1-f141-4cec-b2a5-a53cd05ddb0c,0
1,1,0,6+|fan_in|topo_c39b8213eda5|float|diagnostic,0.23,0.2222,4,0.2253,win_to_win,3ef15f18-9bfb-404e-9fca-fe7b88f5e633,0
0,0,0,5|fan_in|topo_774030263969|float|diagnostic,0.2531,0.2247,7,0.236,loss_to_loss,3f2bc63d-be93-4575-8013-1eb180ddfbb5,0
0,0,0,3|fan_in|topo_911586a55488|float|diagnostic,0.2228,0.2222,3,0.2224,loss_to_loss,3f50ec13-757f-4270-80cd-1fd2b0b1b89d,0
0,0,0,2|linear|topo_fdeb50f24873|float|diagnostic,0.1224,0.1204,1,0.1212,loss_to_loss,3f5153aa-ea03-4045-94b3-523fd229373f,0
1,1,0,5|fan_in|topo_0c51481d8aeb|float|diagnostic,0.2531,0.2247,7,0.236,win_to_win,3f62db24-5089-4f1c-a461-837f1498207a,0
0,0,0,2|linear|topo_fdeb50f24873|float|diagnostic,0.1164,0.1111,0,0.1132,loss_to_loss,3fbf0c1d-ef09-4354-a9e0-207deb35c439,0
1,1,0,3|linear|topo_1c8dbe1830b2|float|diagnostic,0.2347,0.2318,7,0.2329,win_to_win,406d0c79-b87a-4a04-885d-81ac834107e9,0
0,0,0,6+|fan_in|topo_596ff8eb2493|float|diagnostic,0.319,0.2388,9,0.2709,loss_to_loss,4181facd-49ba-4f9d-8ced-f01adcdd8782,0
0,0,0,3|fan_in|topo_911586a55488|float|diagnostic,0.118,0.1111,0,0.1139,loss_to_loss,41b60c1c-6d88-4a34-9242-2aacf2837738,0
0,1,1,5|linear|topo_d228dd6db98a|float|diagnostic,0.2248,0.2222,4,0.2233,loss_to_win,42143b4c-1a3d-4f30-a3a6-c5e10facc1fe,0
1,1,0,3|linear|topo_1c8dbe1830b2|float|diagnostic,0.2347,0.2318,7,0.2329,win_to_win,42c97dd0-2684-4c6a-a6cb-91c85788531d,0
1,1,0,3|linear|topo_1c8dbe1830b2|float|diagnostic,0.1669,0.1207,2,0.1391,win_to_win,43928d2f-402c-46bd-9e94-2994f3163b69,0
1,1,0,4|fan_in|topo_bd3dd51ec1a9|float|diagnostic,0.1202,0.1171,1,0.1183,win_to_win,449a8672-1f24-4e89-9e8d-70661d89a8eb,0
1,1,0,5|fan_in|topo_6011a58939eb|float|diagnostic,0.2282,0.2242,4,0.2258,win_to_win,44fa9fda-8603-41e1-94ae-67ba830613cf,0
1,1,0,2|linear|topo_fdeb50f24873|float|diagnostic,0.1266,0.1133,1,0.1186,win_to_win,4511ccb4-e31c-4cc8-b585-04dda07d21cf,0
1,1,0,3|linear|topo_1c8dbe1830b2|float|diagnostic,0.1669,0.1207,2,0.1391,win_to_win,453e02e3-d928-41c4-b059-9b6aee990044,0
0,0,0,2|linear|topo_fdeb50f24873|float|diagnostic,0.1224,0.1204,1,0.1212,loss_to_loss,47342c39-7c8d-4583-8135-cfd39372a0ff,0
1,1,0,4|fan_in|topo_5b37b75596d2|float|diagnostic,0.1202,0.1171,1,0.1183,win_to_win,47c68fdc-38e9-492e-b5f2-118a3d68088b,0
1,1,0,4|linear|topo_5296967693d8|float|diagnostic,0.231,0.2269,5,0.2285,win_to_win,47fbefed-c16e-4a5c-a88a-ac17e2d5c863,0
1,1,0,5|fan_in|topo_0c51481d8aeb|float|diagnostic,0.2531,0.2247,7,0.236,win_to_win,4812e166-3663-4ebe-9671-daa88afb4e1d,0
0,0,0,4|fan_in|topo_30980484d6d7|float|diagnostic,0.2306,0.2282,6,0.2292,loss_to_loss,4a6b0fd5-d75b-47c0-8130-ff584963f6c4,0
1,1,0,5|fan_in|topo_0c51481d8aeb|float|diagnostic,0.2533,0.2247,7,0.2361,win_to_win,4a6ee89a-2122-4e68-81d0-a52608c90f25,0
1,1,0,4|fan_in|topo_30980484d6d7|float|diagnostic,0.2306,0.2282,6,0.2292,win_to_win,4b17cac8-6e1c-479c-9f0c-541a50964d92,0
1,0,-1,4|fan_in|topo_5b37b75596d2|float|diagnostic,0.1202,0.1171,1,0.1183,win_to_loss,4b54ac08-7d24-4d16-b63d-c4d07aaccd80,0
0,0,0,6+|fan_in|topo_3c002cc9f59b|float|diagnostic,0.3425,0.3381,9,0.3399,loss_to_loss,4b755960-987b-447a-a680-dbcd6c465ed5,0
1,1,0,3|linear|topo_1c8dbe1830b2|float|diagnostic,0.1669,0.1207,2,0.1391,win_to_win,4c733cb3-3e30-46f4-9570-225aabee657f,0
0,0,0,6+|fan_in|topo_db1e543362bf|float|diagnostic,0.3394,0.3359,9,0.3373,loss_to_loss,4e462942-5adc-44e4-9771-749e1759751a,0
0,0,0,5|fan_in|topo_6011a58939eb|float|diagnostic,0.2533,0.2247,7,0.2361,loss_to_loss,4f7d0836-34fa-4d6d-8956-3bd8d62dc577,0
0,0,0,2|linear|topo_fdeb50f24873|str|diagnostic,0.2442,0.2314,7,0.2365,loss_to_loss,50b9c98d-fcb8-43bb-ae56-e6b61d607f7c,0
1,1,0,6+|fan_in|topo_c39b8213eda5|float|diagnostic,0.23,0.2222,4,0.2253,win_to_win,51cbe578-e2fa-447e-8352-3ee8990283f3,0
1,1,0,4|fan_in|topo_bd3dd51ec1a9|float|diagnostic,0.1142,0.1111,0,0.1124,win_to_win,52136fd0-87d3-4086-968b-fa7b8523c333,0
0,0,0,5|fan_in|topo_17d840e0415f|float|diagnostic,0.2504,0.1111,3,0.1668,loss_to_loss,522157eb-3858-46ea-9052-f0b2e73bf024,0
1,0,-1,2|linear|topo_fdeb50f24873|int|diagnostic,0.2765,0.2319,7,0.2497,win_to_loss,52373c4f-e3e9-49cc-ada0-260f70efa0d3,0
1,1,0,5|fan_in|topo_52c12a6fa235|float|diagnostic,0.3148,0.2272,8,0.2622,win_to_win,527e54a6-fd36-4274-b93c-a57e88c04eb6,0
1,1,0,4|fan_in|topo_5b37b75596d2|float|diagnostic,0.2306,0.2282,6,0.2292,win_to_win,52f03f10-d69f-4d1b-bae6-961f4f39d975,0
1,1,0,5|fan_in|topo_17d840e0415f|float|diagnostic,0.313,0.2272,8,0.2615,win_to_win,53276548-b18e-49cc-aac4-30ba51dfba76,0
0,0,0,3|fan_in|topo_911586a55488|float|diagnostic,0.2228,0.2222,3,0.2224,loss_to_loss,535072fe-c1ab-4eda-adbf-feeb2bf4d808,0
0,0,0,2|linear|topo_fdeb50f24873|float|diagnostic,0.1304,0.1296,2,0.1299,loss_to_loss,537aefe1-0523-46ff-a08c-e6657a622fa5,0
1,1,0,2|linear|topo_fdeb50f24873|bool|diagnostic,0.2231,0.2222,3,0.2226,win_to_win,53a4529b-b5be-4be5-9daf-fdb735bea3eb,0
1,1,0,6+|fan_in|topo_2b9a65f092bb|float|diagnostic,0.236,0.2306,6,0.2328,win_to_win,53be30fe-7e4c-4ff3-ac84-f26073bbe1d2,0
0,0,0,2|linear|topo_fdeb50f24873|float|diagnostic,0.1224,0.1204,1,0.1212,loss_to_loss,5467bbb8-42c8-4997-b46f-5bf9bbc96f76,0
1,1,0,5|fan_in|topo_0c51481d8aeb|float|diagnostic,0.2531,0.2247,7,0.236,win_to_win,55927c49-9d82-41ca-8402-4272bac69678,0
0,0,0,4|fan_in|topo_30980484d6d7|float|diagnostic,0.1202,0.1171,1,0.1183,loss_to_loss,56a1c574-6d93-4367-a3df-128fecbda809,0
1,1,0,4|fan_in|topo_30980484d6d7|float|diagnostic,0.2306,0.2282,6,0.2292,win_to_win,56ae2af3-97e8-47a4-8510-7a3af9dd3177,0
1,1,0,2|linear|topo_fdeb50f24873|str|diagnostic,0.3343,0.3337,9,0.3339,win_to_win,577a4547-9566-49d5-a1f9-8ec7720aa38a,0
1,1,0,4|linear|topo_5296967693d8|float|diagnostic,0.231,0.2269,5,0.2285,win_to_win,5830f67e-aed1-4252-a279-f107ab8d15bb,0
0,1,1,3|fan_in|topo_911586a55488|float|diagnostic,0.2228,0.2222,3,0.2224,loss_to_win,58f0da42-f029-4773-86a1-dc7548859054,0
0,0,0,2|linear|topo_fdeb50f24873|int|diagnostic,0.3334,0.3333,9,0.3333,loss_to_loss,59212b7c-319b-47b5-b45c-2e375e846970,0
1,1,0,3|mixed|topo_c654e84914a1|int|diagnostic,0.4292,0.3639,9,0.39,win_to_win,5bbe0356-c4f3-40f1-ba56-bbf37156213a,0
1,1,0,2|linear|topo_fdeb50f24873|list|diagnostic,0.2452,0.2228,6,0.2318,win_to_win,5c1b3296-9e7c-4627-acb3-13704d18bd95,0
0,0,0,4|linear|topo_5296967693d8|float|diagnostic,0.231,0.2269,5,0.2285,loss_to_loss,5cca94f3-e9c1-41b2-8119-20c0ddbee477,0
1,1,0,6+|linear|topo_02b29308ce2b|float|diagnostic,0.2281,0.2255,4,0.2265,win_to_win,5da516a1-715a-4249-9f59-3b3d30e1b82d,0
1,1,0,4|linear|topo_5296967693d8|float|diagnostic,0.231,0.2269,5,0.2285,win_to_win,5ece6f80-a4fb-48a9-95cd-8c8c2a49ab08,0
0,0,0,5|fan_in|topo_52c12a6fa235|float|diagnostic,0.313,0.2272,8,0.2615,loss_to_loss,5f2689b9-c33d-4981-bb29-c52e7b2ce153,0
0,0,0,3|mixed|topo_5651f3cf682e|str|diagnostic,0.4599,0.4598,9,0.4598,loss_to_loss,5fa7ff50-c123-4abc-be8a-6113e3dfafa7,0
0,0,0,3|fan_in|topo_911586a55488|float|diagnostic,0.118,0.1111,0,0.1139,loss_to_loss,600a9f10-9c69-4fa2-803a-c43737d4e42d,0
0,1,1,6+|fan_in|topo_63f405a71afa|float|diagnostic,0.227,0.224,4,0.2252,loss_to_win,603b4a8b-a4dc-4b16-bb35-ab167c6c45c7,0
0,0,0,6+|fan_in|topo_274cced67f83|float|diagnostic,0.1665,0.1186,2,0.1378,loss_to_loss,60b0664f-1f02-4484-9101-def1ca77fd1a,0
1,1,0,3|linear|topo_1c8dbe1830b2|float|diagnostic,0.2347,0.2318,7,0.2329,win_to_win,61cbd84c-a854-43b2-a962-3ed64fa2bea5,0
1,1,0,2|linear|topo_fdeb50f24873|list|diagnostic,0.2815,0.2387,8,0.2558,win_to_win,61fc2914-10f0-405d-af90-8e5cbe65909a,0
1,1,0,2|linear|topo_fdeb50f24873|list|diagnostic,0.2322,0.228,6,0.2297,win_to_win,620e82cc-c653-4faf-953b-510000552cd0,0
1,1,0,5|fan_in|topo_6011a58939eb|float|diagnostic,0.2531,0.2247,7,0.236,win_to_win,623b1c5a-4ee6-4845-9f6f-d41129369bcc,0
1,1,0,2|linear|topo_fdeb50f24873|bool|diagnostic,0.2227,0.2226,3,0.2227,win_to_win,62ab7c42-6aad-4d9c-9012-eb52fb01a82b,0
1,1,0,2|linear|topo_fdeb50f24873|float|diagnostic,0.1316,0.119,2,0.124,win_to_win,63854dc5-cf6e-40bd-94e9-f4f930165cb7,0
0,0,0,2|linear|topo_fdeb50f24873|str|diagnostic,0.2709,0.2234,7,0.2424,loss_to_loss,63a86d01-04f7-43e6-a8c9-e8ac53331b71,0
1,1,0,6+|fan_in|topo_f5466e583fca|float|diagnostic,0.2326,0.2297,6,0.2309,win_to_win,63decc75-1337-4064-a0f1-abd398d5985e,0
0,0,0,5|fan_in|topo_774030263969|float|diagnostic,0.2531,0.2247,7,0.236,loss_to_loss,65148711-a63a-4d3f-98f7-192c73c15ac1,0
0,0,0,3|linear|topo_1c8dbe1830b2|float|diagnostic,0.2347,0.2318,7,0.2329,loss_to_loss,654ce42c-5be5-4e84-838a-38364d7ec723,0
0,0,0,2|linear|topo_fdeb50f24873|str|diagnostic,0.2878,0.2485,9,0.2642,loss_to_loss,66312c55-87f2-4eb8-9ba2-f5158c1db300,0
1,1,0,5|fan_in|topo_774030263969|float|diagnostic,0.2531,0.2247,7,0.236,win_to_win,664a9ab5-d49e-4c80-9ce8-0b867ef97777,0
1,1,0,4|fan_in|topo_30980484d6d7|float|diagnostic,0.1202,0.1171,1,0.1183,win_to_win,665f96da-1bc5-4429-bc38-58046cdfd1c2,0
1,1,0,3|linear|topo_1c8dbe1830b2|float|diagnostic,0.2347,0.2318,7,0.2329,win_to_win,6661b550-224b-4330-9109-59404e7b811a,0
1,1,0,5|fan_in|topo_6011a58939eb|float|diagnostic,0.2279,0.2247,4,0.226,win_to_win,6895651a-8731-47bc-bef3-42a4944392c9,0
0,0,0,6+|fan_in|topo_549e2ec96bd6|float|diagnostic,0.23,0.2222,4,0.2253,loss_to_loss,68bb325d-be6c-4a56-a70b-be023b8f068b,0
0,0,0,5|fan_in|topo_6011a58939eb|float|diagnostic,0.2282,0.2242,4,0.2258,loss_to_loss,69bacfb5-3461-450d-bee0-3311e75bf7aa,0
0,0,0,3|linear|topo_1c8dbe1830b2|float|diagnostic,0.1669,0.1207,2,0.1391,loss_to_loss,6a001923-6ece-46ae-9e4e-ae2308bad269,0
0,0,0,6+|fan_in|topo_3d776f83e4a8|float|diagnostic,0.3206,0.2388,9,0.2715,loss_to_loss,6a069715-af16-4353-b530-2c68b1045702,0
1,0,-1,5|fan_in|topo_2b041b861492|float|diagnostic,0.2279,0.2247,4,0.226,win_to_loss,6a42f278-ce39-4b47-ae02-60f80782c2c6,0
1,1,0,6+|fan_in|topo_91a9e4f44c24|float|diagnostic,0.3608,0.3356,9,0.3457,win_to_win,6a580394-2cd8-4a80-bac8-d81c88244059,0
0,0,0,2|linear|topo_fdeb50f24873|list|diagnostic,0.2403,0.2244,6,0.2307,loss_to_loss,6a8f3121-3467-477e-9f28-26b4632178cc,0
1,1,0,4|fan_in|topo_bd3dd51ec1a9|float|diagnostic,0.2306,0.2282,6,0.2292,win_to_win,6accc733-a657-438c-97a2-d9b11b97edb8,0
1,1,0,6+|fan_in|topo_adbf88b7e219|float|diagnostic,0.365,0.3399,9,0.3499,win_to_win,6b3f28d1-703c-4a21-b432-d84505bf42f1,0
1,1,0,5|fan_in|topo_17d840e0415f|float|diagnostic,0.3148,0.2272,8,0.2622,win_to_win,6b6884c6-f22a-4f7a-8fc4-73036ab9a0c3,0
1,1,0,2|linear|topo_fdeb50f24873|list|diagnostic,0.2237,0.2224,3,0.2229,win_to_win,6b6c601e-23fc-49f8-ad28-e62718aa3852,0
1,0,-1,5|fan_in|topo_5dc2042eea23|float|diagnostic,0.3148,0.2272,8,0.2622,win_to_loss,6bcc90ed-8253-46d4-86a6-ebc1c8550f7a,0
0,1,1,3|linear|topo_1c8dbe1830b2|float|diagnostic,0.2347,0.2318,7,0.2329,loss_to_win,6c0d717a-af97-47db-ad9d-45255f829e0d,0
0,0,0,4|fan_in|topo_bd3dd51ec1a9|float|diagnostic,0.2247,0.2222,3,0.2232,loss_to_loss,6c5bf32e-9b63-4950-a348-72e08943a6d5,0
1,0,-1,6+|fan_in|topo_864e6cf733bb|float|diagnostic,0.2097,0.1225,3,0.1574,win_to_loss,6c668a48-30d8-46ba-a9ac-8e0c58f9d9f0,0
0,0,0,4|fan_in|topo_5b37b75596d2|float|diagnostic,0.2306,0.2282,6,0.2292,loss_to_loss,6d2f296f-b21b-4c5d-9a0c-1a4bb82df7bc,0
1,1,0,2|linear|topo_fdeb50f24873|float|diagnostic,0.1224,0.1204,1,0.1212,win_to_win,6dc00645-b34d-4f6b-a00e-046b14a8ece5,0
0,0,0,2|linear|topo_fdeb50f24873|str|diagnostic,0.2418,0.2407,7,0.2411,loss_to_loss,6e091b41-13a2-4a4a-b4d9-105cf1b9ef85,0
1,1,0,6+|fan_in|topo_606006e98bc2|float|diagnostic,0.2537,0.226,7,0.2371,win_to_win,6e46d58b-4319-430e-b6ca-72689e56a189,0
1,1,0,6+|fan_in|topo_f2c32ff10fdc|float|diagnostic,0.2945,0.2306,8,0.2561,win_to_win,6e91a284-bb94-4086-85c0-179782989414,0
0,0,0,4|fan_in|topo_bd3dd51ec1a9|float|diagnostic,0.1202,0.1171,1,0.1183,loss_to_loss,6ea6a1a9-f0e3-43ea-925a-4c627fce8951,0
1,1,0,5|fan_in|topo_17d840e0415f|float|diagnostic,0.3148,0.2272,8,0.2622,win_to_win,6fb9747f-205d-4057-98a9-bebfa690d3fe,0
1,1,0,5|fan_in|topo_52c12a6fa235|float|diagnostic,0.3148,0.2272,8,0.2622,win_to_win,702881c1-d5ba-4b90-aa65-8a17d9a3a5a6,0
1,1,0,2|linear|topo_fdeb50f24873|float|diagnostic,0.1224,0.1204,1,0.1212,win_to_win,71425aa1-18ff-4f04-a644-a91a2052e572,0
1,1,0,3|linear|topo_1c8dbe1830b2|float|diagnostic,0.2347,0.2318,7,0.2329,win_to_win,714d3faf-b9d9-42a7-95b5-610d47e43332,0
0,0,0,6+|fan_in|topo_2b9a65f092bb|float|diagnostic,0.236,0.2306,6,0.2328,loss_to_loss,71d06959-7b76-48fb-906f-16f634884bf2,0
1,1,0,4|fan_in|topo_30980484d6d7|float|diagnostic,0.1202,0.1171,1,0.1183,win_to_win,73456b3f-d04d-4746-ae18-622952722f11,0
1,1,0,4|fan_in|topo_5b37b75596d2|float|diagnostic,0.2306,0.2282,6,0.2292,win_to_win,73d62322-04e8-4039-866f-787dc05fda19,0
1,1,0,5|fan_in|topo_0c51481d8aeb|float|diagnostic,0.2531,0.2247,7,0.236,win_to_win,746c4d4f-e28a-483b-a0d7-b63e766dc071,0
0,0,0,3|linear|topo_1c8dbe1830b2|float|diagnostic,0.2347,0.2318,7,0.2329,loss_to_loss,76446ae7-0565-4df5-bff6-bddcaf386d0f,0
1,0,-1,2|linear|topo_fdeb50f24873|float|diagnostic,0.1196,0.1167,0,0.1179,win_to_loss,766a4d29-1adf-4c1b-ae0b-bda50257dfb3,0
0,0,0,6+|fan_in|topo_c373e6561341|float|diagnostic,0.3165,0.2333,9,0.2666,loss_to_loss,767452b7-f09a-4ccc-ab2d-674c207f7a5e,0
0,0,0,3|linear|topo_1c8dbe1830b2|float|diagnostic,0.1669,0.1207,2,0.1391,loss_to_loss,77a1ae43-b83e-4a6c-81a6-fa95a2cc6d1a,0
1,1,0,3|mixed|topo_5c49d2fff8bb|str|diagnostic,0.4522,0.3708,9,0.4034,win_to_win,77bb5969-f300-4f68-99d4-179bcd9ba304,0
0,0,0,5|fan_in|topo_7279e5f4b24a|float|diagnostic,0.2533,0.2247,7,0.2361,loss_to_loss,79548961-64d6-432c-aac2-5846fd124032,0
1,1,0,3|fan_in|topo_911586a55488|float|diagnostic,0.118,0.1111,0,0.1139,win_to_win,79f31629-56a4-4e40-8a4d-c1619abcda9b,0
1,1,0,5|fan_in|topo_774030263969|float|diagnostic,0.182,0.1135,3,0.1409,win_to_win,7a8717da-4b2a-4cc4-86a8-c03bfeab7c6c,0
0,0,0,5|fan_in|topo_0c51481d8aeb|float|diagnostic,0.2531,0.2247,7,0.236,loss_to_loss,7b7f782d-2389-49ad-b393-3367a22a8bcd,0
1,1,0,2|linear|topo_fdeb50f24873|float|diagnostic,0.1189,0.1111,0,0.1142,win_to_win,7baf91da-a05b-42ae-b79f-6b0b5ef45fb7,0
1,0,-1,3|linear|topo_1c8dbe1830b2|float|diagnostic,0.1669,0.1207,2,0.1391,win_to_loss,7bdd0e4f-6c99-4f49-b9e8-2afc9546891b,0
1,1,0,4|fan_in|topo_5b37b75596d2|float|diagnostic,0.2306,0.2282,6,0.2292,win_to_win,7d0d1b23-f8ba-474b-84fd-e78eaaf967e2,0
0,1,1,6+|fan_in|topo_37f1fc553f96|float|diagnostic,0.2118,0.1204,3,0.1569,loss_to_win,7da0f6e7-2a24-4fa8-b48d-cc84cae3e578,0
1,1,0,5|fan_in|topo_774030263969|float|diagnostic,0.2279,0.2247,4,0.226,win_to_win,7f38a354-d596-4f17-b24b-028e4c29b99b,0
1,1,0,3|fan_in|topo_911586a55488|float|diagnostic,0.118,0.1111,0,0.1139,win_to_win,7f651bd9-4bf0-42ee-9102-106f475f86ed,0
1,1,0,4|linear|topo_5296967693d8|float|diagnostic,0.231,0.2269,5,0.2285,win_to_win,800b2e64-e7fb-43b5-a258-9e19828e1db1,0
1,1,0,4|fan_in|topo_bd3dd51ec1a9|float|diagnostic,0.1202,0.1171,1,0.1183,win_to_win,80906cae-8547-47ad-863b-9db070fd41ae,0
0,0,0,3|linear|topo_1c8dbe1830b2|str|diagnostic,0.3688,0.3645,9,0.3662,loss_to_loss,8298a332-f803-4f19-97d3-b0b12607538f,0
0,0,0,2|linear|topo_fdeb50f24873|list|diagnostic,0.2726,0.2238,7,0.2433,loss_to_loss,837f59f5-0d19-4246-993f-061525bd8d67,0
1,1,0,6+|fan_in|topo_c48b6a5162a2|float|diagnostic,0.2948,0.2261,8,0.2536,win_to_win,83e87247-0e5d-4f60-a88f-8aa6069ce66c,0
0,0,0,4|fan_in|topo_bd3dd51ec1a9|float|diagnostic,0.2247,0.2222,3,0.2232,loss_to_loss,844ce8e2-be74-4db0-8541-132f5bebeb1b,0
0,0,0,2|linear|topo_fdeb50f24873|list|diagnostic,0.2739,0.2244,7,0.2442,loss_to_loss,84d4c1eb-d7c3-40c2-abda-780dded290ee,0
0,0,0,6+|linear|topo_02b29308ce2b|float|diagnostic,0.2306,0.2222,4,0.2256,loss_to_loss,856f6b32-e3a3-42e7-adad-f6b3802a6772,0
1,1,0,2|linear|topo_fdeb50f24873|float|diagnostic,0.1194,0.1167,0,0.1177,win_to_win,85deb9a0-ca7b-440c-a975-553cc92ff009,0
1,1,0,5|fan_in|topo_52c12a6fa235|float|diagnostic,0.3148,0.2272,8,0.2622,win_to_win,85ee192d-9b18-47b8-8f8f-e99639042c19,0
1,1,0,2|linear|topo_fdeb50f24873|list|diagnostic,0.2319,0.2259,4,0.2283,win_to_win,87282615-28ca-4fe6-bfd8-dc80f913307a,0
1,1,0,6+|fan_in|topo_2bf14060bc2a|float|diagnostic,0.3391,0.3333,9,0.3356,win_to_win,87481cd4-e4d1-4eb7-ad02-0c29677ddb8c,0
1,1,0,4|fan_in|topo_bd3dd51ec1a9|float|diagnostic,0.2306,0.2282,6,0.2292,win_to_win,88659452-fa94-4511-b6c2-f44d1d792cfe,0
1,1,0,5|fan_in|topo_7279e5f4b24a|float|diagnostic,0.2279,0.2247,4,0.226,win_to_win,887b6d7e-5fb5-4523-9b28-f7ab29cf7636,0
1,1,0,3|fan_in|topo_911586a55488|str|diagnostic,0.3259,0.2441,9,0.2768,win_to_win,88b88263-a647-4da2-9c9a-329970a6aa3a,0
1,1,0,5|fan_in|topo_5dc2042eea23|float|diagnostic,0.3148,0.2272,8,0.2622,win_to_win,8917020a-8354-4100-8b7a-6c06c6428b57,0
1,1,0,4|fan_in|topo_bd3dd51ec1a9|float|diagnostic,0.1202,0.1171,1,0.1183,win_to_win,894ae2ce-c653-4e07-9bc9-296ea3f12aef,0
0,0,0,3|linear|topo_1c8dbe1830b2|float|diagnostic,0.2347,0.2318,7,0.2329,loss_to_loss,8954bf4e-0de5-4497-8b91-09e6e039d6b6,0
1,1,0,2|linear|topo_fdeb50f24873|float|diagnostic,0.1196,0.1167,0,0.1179,win_to_win,8a74c126-ba35-450d-a992-1b2f69197bf4,0
0,1,1,6+|fan_in|topo_a4503152b38a|float|diagnostic,0.3167,0.2345,9,0.2674,loss_to_win,8ab9d4d5-0011-4e49-85cb-ee24f852f350,0
0,0,0,6+|fan_in|topo_9a499ee71ea4|float|diagnostic,0.2274,0.2231,4,0.2248,loss_to_loss,8abb3f96-fd86-4948-b034-3a404caaf078,0
0,0,0,3|linear|topo_1c8dbe1830b2|float|diagnostic,0.2347,0.2318,7,0.2329,loss_to_loss,8b135424-72ba-47d7-818e-5d13b21334db,0
1,1,0,6+|fan_in|topo_f5466e583fca|float|diagnostic,0.2326,0.2297,6,0.2309,win_to_win,8b3a28e9-ba64-44cd-bfe2-d7094471b5d7,0
1,1,0,4|fan_in|topo_bd3dd51ec1a9|float|diagnostic,0.1202,0.1171,1,0.1183,win_to_win,8b77968f-aa3b-443c-a226-7a628b611fb1,0
1,1,0,5|fan_in|topo_17d840e0415f|float|diagnostic,0.3148,0.2272,8,0.2622,win_to_win,8d50fe89-d76a-4b2d-8e61-b805e25170a5,0
1,1,0,5|linear|topo_d228dd6db98a|float|diagnostic,0.1138,0.1111,0,0.1122,win_to_win,8d963cd2-0004-45db-9312-d295f0367c1c,0
1,1,0,2|linear|topo_fdeb50f24873|bool|diagnostic,0.2375,0.2222,4,0.2283,win_to_win,8de7580b-2f9f-4516-a3bd-4b5933ca1e2e,0
0,1,1,5|fan_in|topo_774030263969|float|diagnostic,0.2531,0.2247,7,0.236,loss_to_win,8ee1d3b2-4632-4455-b3b1-7a165383c55b,0
1,1,0,5|fan_in|topo_17d840e0415f|float|diagnostic,0.313,0.2272,8,0.2615,win_to_win,8f239e7b-b2e5-4165-8b67-9103c60d155b,0
1,1,0,5|fan_in|topo_5dc2042eea23|float|diagnostic,0.313,0.2272,8,0.2615,win_to_win,8f5235bc-6703-4af2-a441-ec906357889e,0
1,1,0,4|fan_in|topo_bd3dd51ec1a9|float|diagnostic,0.2306,0.2282,6,0.2292,win_to_win,9169ba71-aeda-4b8f-99a4-c5772cf2efb8,0
0,0,0,6+|fan_in|topo_b08dfd9f1e9d|float|diagnostic,0.2537,0.226,7,0.2371,loss_to_loss,916b2049-ac2d-4d32-b022-e9182f258024,0
1,1,0,4|fan_in|topo_5b37b75596d2|float|diagnostic,0.1202,0.1171,1,0.1183,win_to_win,92366bd5-f065-4719-91a2-c44123746ce6,0
1,1,0,2|linear|topo_fdeb50f24873|str|diagnostic,0.2371,0.2269,6,0.231,win_to_win,925e5a42-be49-45d0-ae48-9f76fbe1a0a2,0
0,0,0,3|linear|topo_1c8dbe1830b2|float|diagnostic,0.2347,0.2318,7,0.2329,loss_to_loss,927a732c-c4df-4035-830a-e635368d29d7,0
1,1,0,3|linear|topo_1c8dbe1830b2|float|diagnostic,0.2347,0.2318,7,0.2329,win_to_win,92b6a1d2-d0d7-4915-a3ea-9361f588979a,0
1,1,0,4|fan_in|topo_30980484d6d7|float|diagnostic,0.1202,0.1171,1,0.1183,win_to_win,9305c8b4-aa65-4648-9332-329619fbbb48,0
1,1,0,2|linear|topo_fdeb50f24873|bool|diagnostic,0.2313,0.2296,6,0.2303,win_to_win,93a99349-900a-4d49-8964-8e944e49ff25,0
0,0,0,2|linear|topo_fdeb50f24873|float|diagnostic,0.1196,0.1167,0,0.1179,loss_to_loss,93d702d6-5124-4500-a02f-78d32c9c26c4,0
1,1,0,6+|fan_in|topo_274cced67f83|float|diagnostic,0.2097,0.1225,3,0.1574,win_to_win,93dcf0b5-0d95-4bc6-be39-0eb316ee8721,0
0,0,0,5|fan_in|topo_6011a58939eb|float|diagnostic,0.2279,0.2247,4,0.226,loss_to_loss,95ba5a83-de0c-4ec2-a53c-05c00643cb34,0
0,0,0,4|linear|topo_5296967693d8|float|diagnostic,0.231,0.2269,5,0.2285,loss_to_loss,96b0ed5c-cf47-4b92-9cf5-0d69f7a864a9,0
0,1,1,5|fan_in|topo_774030263969|float|diagnostic,0.2531,0.2247,7,0.236,loss_to_win,9855f520-4ad7-4658-85fc-b66003e186bb,0
1,1,0,2|linear|topo_fdeb50f24873|str|diagnostic,0.242,0.2411,7,0.2415,win_to_win,98780c7e-93fa-496c-b2a4-5ed84b9cd8ee,0
0,0,0,2|linear|topo_fdeb50f24873|list|diagnostic,0.2296,0.2249,4,0.2268,loss_to_loss,98cad833-bb80-4583-9158-b9d1984eec6e,0
0,1,1,6+|fan_in|topo_53d4d124e14a|float|diagnostic,0.3414,0.3395,9,0.3403,loss_to_win,99501e17-529b-42b7-ae83-e98b576c8019,0
0,0,0,2|linear|topo_fdeb50f24873|float|diagnostic,0.1815,0.1138,3,0.1409,loss_to_loss,9a10a5a0-8ece-4a88-be4b-8d88099d5266,0
1,1,0,6+|fan_in|topo_2c3eca3d7e46|float|diagnostic,0.2937,0.2287,8,0.2547,win_to_win,9a23a3ec-0f70-4acf-867f-1a82c0ca5b17,0
1,1,0,3|linear|topo_1c8dbe1830b2|int|diagnostic,0.3404,0.3386,9,0.3394,win_to_win,9a752e1c-dffb-4c71-84d5-687970836ce7,0
1,1,0,2|linear|topo_fdeb50f24873|float|diagnostic,0.1196,0.1167,0,0.1179,win_to_win,9adb7a75-2ecb-406d-8a46-542b79eb6e32,0
1,1,0,3|fan_in|topo_911586a55488|float|diagnostic,0.118,0.1111,0,0.1139,win_to_win,9bb69164-80c4-4c4e-a9d2-fa3fa8bee4e3,0
1,1,0,6+|fan_in|topo_41ec797c710c|float|diagnostic,0.2937,0.2287,8,0.2547,win_to_win,9c4c6a80-d210-46e3-bb30-8ab2ca8e8f3a,0
0,0,0,6+|fan_in|topo_5391d564a99d|float|diagnostic,0.3395,0.3362,9,0.3375,loss_to_loss,9cbda69c-2a36-4f07-87cb-e0fa23cebf60,0
1,1,0,5|fan_in|topo_0c51481d8aeb|float|diagnostic,0.2531,0.2247,7,0.236,win_to_win,9d6d1fcc-912d-4543-ba01-900bc1bc60d2,0
1,1,0,4|linear|topo_5296967693d8|float|diagnostic,0.1241,0.1137,0,0.1179,win_to_win,9e473074-b414-4c07-9d2b-8d2512055475,0
1,1,0,4|fan_in|topo_30980484d6d7|float|diagnostic,0.1202,0.1171,1,0.1183,win_to_win,9ecefde1-85a5-4e50-948e-ee9c2bbf414f,0
1,1,0,6+|fan_in|topo_0d3a7c5d1144|float|diagnostic,0.3176,0.2314,9,0.2659,win_to_win,9ee13b1f-14b3-4e54-b629-7a77a03e4262,0
0,1,1,6+|fan_in|topo_619388d6c582|float|diagnostic,0.2302,0.2284,5,0.2291,loss_to_win,9f02bfaf-4adb-40b5-837c-aac1bc3fac30,0
1,1,0,3|linear|topo_1c8dbe1830b2|float|diagnostic,0.2347,0.2318,7,0.2329,win_to_win,a1d8cfc2-84b1-49dd-8ddc-6b51b110038a,0
1,1,0,3|linear|topo_1c8dbe1830b2|float|diagnostic,0.2347,0.2318,7,0.2329,win_to_win,a2172da9-3fb2-4aca-b2d5-20a4579d2266,0
1,1,0,5|fan_in|topo_774030263969|float|diagnostic,0.2279,0.2247,4,0.226,win_to_win,a30048e8-000d-4e5a-addc-0e6c6e5c6fb8,0
1,1,0,3|linear|topo_1c8dbe1830b2|float|diagnostic,0.1669,0.1207,2,0.1391,win_to_win,a330bb9e-a3eb-456a-87c3-63caf6822fad,0
1,1,0,4|fan_in|topo_bd3dd51ec1a9|float|diagnostic,0.2306,0.2282,6,0.2292,win_to_win,a44c74fd-b0bf-4f35-a8f0-b0a888135fee,0
0,0,0,5|linear|topo_d228dd6db98a|float|diagnostic,0.2269,0.2255,4,0.226,loss_to_loss,a5446ce3-edec-4898-b802-cc9b4c5864b6,0
0,0,0,4|linear|topo_5296967693d8|float|diagnostic,0.1277,0.1182,2,0.122,loss_to_loss,a5562121-119c-4737-adbe-0ce66cab3f20,0
1,1,0,2|linear|topo_fdeb50f24873|int|diagnostic,0.2926,0.229,8,0.2544,win_to_win,a58be90a-b73e-4d45-a4e2-2ba9db73e912,0
0,0,0,2|linear|topo_fdeb50f24873|list|diagnostic,0.2334,0.2261,5,0.229,loss_to_loss,a7d0c985-3d04-47c8-a063-8276616af274,0
0,0,0,2|linear|topo_fdeb50f24873|float|diagnostic,0.1224,0.1204,1,0.1212,loss_to_loss,a7f3e2d8-d639-488d-97c5-2e51f42ad83e,0
1,1,0,3|fan_in|topo_911586a55488|float|diagnostic,0.118,0.1111,0,0.1139,win_to_win,a845fa23-f94d-436b-b550-86cb6f3da886,0
1,1,0,6+|fan_in|topo_b66425026a59|float|diagnostic,0.2943,0.2256,8,0.2531,win_to_win,a90adb78-71aa-4125-b7c4-6151ed659a80,0
1,1,0,3|linear|topo_1c8dbe1830b2|float|diagnostic,0.2347,0.2318,7,0.2329,win_to_win,aa1ea1ba-bf16-4e55-a707-c3a3aa6ab0d6,0
0,0,0,6+|fan_in|topo_864e6cf733bb|float|diagnostic,0.2097,0.1225,3,0.1574,loss_to_loss,aa8adc5d-1f45-46ca-9c85-3819910c0296,0
0,0,0,5|fan_in|topo_2b041b861492|float|diagnostic,0.2531,0.2247,7,0.236,loss_to_loss,aaece8ba-0384-4d94-a479-fe00d0eb94e0,0
1,1,0,4|linear|topo_5296967693d8|float|diagnostic,0.1277,0.1182,2,0.122,win_to_win,abb922e2-ecb4-444d-8602-41700a00639b,0
0,0,0,6+|fan_in|topo_f371c45e3895|float|diagnostic,0.23,0.2222,4,0.2253,loss_to_loss,ac43d21d-8330-4f5d-9a90-85756af20656,0
0,0,0,6+|fan_in|topo_5cf1a13edea8|float|diagnostic,0.1833,0.1168,3,0.1434,loss_to_loss,ac7f18f4-b4e7-424c-bb4e-b81a8a7e507c,0
0,0,0,6+|fan_in|topo_ae6ad51c2944|float|diagnostic,0.2302,0.2284,5,0.2291,loss_to_loss,ac7ff9ba-5f9b-45db-ac99-a27751c32a2f,0
0,0,0,2|linear|topo_fdeb50f24873|float|diagnostic,0.1224,0.1204,1,0.1212,loss_to_loss,aca13c04-25c4-452c-8ce5-f9ac7668a980,0
0,0,0,5|fan_in|topo_52c12a6fa235|float|diagnostic,0.3148,0.2272,8,0.2622,loss_to_loss,acb996d1-a48e-47b8-b370-8cf14d0db3a7,0
0,0,0,3|fan_in|topo_911586a55488|float|diagnostic,0.118,0.1111,0,0.1139,loss_to_loss,ace2a45d-4588-4ddc-bfe9-f98c2cff0427,0
0,0,0,3|linear|topo_1c8dbe1830b2|float|diagnostic,0.2347,0.2318,7,0.2329,loss_to_loss,ad9fe842-7db1-4922-a922-d011caecdb6f,0
0,0,0,2|linear|topo_fdeb50f24873|list|diagnostic,0.2342,0.2262,6,0.2294,loss_to_loss,ae2442dc-f285-4963-a108-fef08dffe49a,0
0,0,0,6+|fan_in|topo_7a3a64b95a12|float|diagnostic,0.2939,0.2294,8,0.2552,loss_to_loss,ae7cc681-a44c-4143-8bf2-a2a9680acf0d,0
1,1,0,6+|fan_in|topo_1419cc3c6547|float|diagnostic,0.2093,0.1174,3,0.1541,win_to_win,aed65d8f-b112-4cd6-ab82-07ae242a8947,0
1,1,0,5|fan_in|topo_17d840e0415f|float|diagnostic,0.3148,0.2272,8,0.2622,win_to_win,af2e5ab1-979e-48ac-af4f-d35487975b62,0
1,1,0,3|linear|topo_1c8dbe1830b2|float|diagnostic,0.168,0.1216,3,0.1402,win_to_win,b0062a20-23f1-4af6-bdf3-6441af3aacca,0
1,1,0,2|linear|topo_fdeb50f24873|list|diagnostic,0.2754,0.228,7,0.2469,win_to_win,b0643ded-c098-4051-958b-db37c7b2aa00,0
0,0,0,3|linear|topo_1c8dbe1830b2|float|diagnostic,0.2347,0.2318,7,0.2329,loss_to_loss,b0ec8b50-3b10-47e9-a151-fe2085d45c5d,0
1,1,0,5|fan_in|topo_52c12a6fa235|float|diagnostic,0.3148,0.2272,8,0.2622,win_to_win,b169f0ea-3a25-4627-9795-9d390379e73f,0
0,0,0,6+|fan_in|topo_1419cc3c6547|float|diagnostic,0.2315,0.2284,6,0.2296,loss_to_loss,b1706900-e187-49c5-ace6-8cbfc5fbd566,0
1,1,0,3|fan_in|topo_911586a55488|float|diagnostic,0.118,0.1111,0,0.1139,win_to_win,b170ed97-4af8-4589-8a83-7509c597837c,0
1,1,0,6+|linear|topo_02b29308ce2b|float|diagnostic,0.2306,0.2222,4,0.2256,win_to_win,b174255f-9249-4dc5-a214-1bfed5112330,0
0,0,0,5|linear|topo_d228dd6db98a|float|diagnostic,0.1138,0.1111,0,0.1122,loss_to_loss,b17fe079-7816-4882-98fd-ba692caae2e3,0
1,1,0,5|fan_in|topo_17d840e0415f|float|diagnostic,0.313,0.2272,8,0.2615,win_to_win,b19cf53c-de8d-45ec-a1f1-812364690f45,0
1,1,0,3|linear|topo_1c8dbe1830b2|float|diagnostic,0.2347,0.2318,7,0.2329,win_to_win,b2861b15-913e-4b89-a37e-16a3468170a6,0
1,1,0,3|linear|topo_1c8dbe1830b2|float|diagnostic,0.168,0.1216,3,0.1402,win_to_win,b33d1976-3a2d-46a9-bf8b-2c72336683eb,0
1,0,-1,6+|fan_in|topo_053156353fa9|float|diagnostic,0.2097,0.1225,3,0.1574,win_to_loss,b370d25b-a241-486b-9630-7dbd523312c2,0
0,0,0,5|linear|topo_d228dd6db98a|float|diagnostic,0.2248,0.2222,4,0.2233,loss_to_loss,b39c0196-4991-47b9-b5b4-18d53615fd00,0
0,0,0,2|linear|topo_fdeb50f24873|str|diagnostic,0.2997,0.2422,9,0.2652,loss_to_loss,b3bc6c17-de42-43cf-8c68-4c0f8b5465f2,0
0,1,1,5|fan_in|topo_7279e5f4b24a|float|diagnostic,0.2282,0.2242,4,0.2258,loss_to_win,b3e268c9-2465-41d5-ba04-adfe860d791f,0
0,0,0,2|linear|topo_fdeb50f24873|float|diagnostic,0.1224,0.1204,1,0.1212,loss_to_loss,b3ec3724-bfb1-40be-b92e-9e28cabf8a68,0
0,0,0,6+|fan_in|topo_57e4cb13eb3f|float|diagnostic,0.2942,0.2299,8,0.2556,loss_to_loss,b4bb577d-08f8-4f80-9502-1a65c664048a,0
1,1,0,4|fan_in|topo_30980484d6d7|float|diagnostic,0.1202,0.1171,1,0.1183,win_to_win,b5e08c7a-e09e-4302-a09d-be4395a38a3e,0
0,0,0,5|fan_in|topo_6011a58939eb|float|diagnostic,0.2279,0.2247,4,0.226,loss_to_loss,b6014609-5bd3-4f6a-8f09-1df7d9477c98,0
0,0,0,3|linear|topo_1c8dbe1830b2|float|diagnostic,0.2347,0.2318,7,0.2329,loss_to_loss,b7a49346-8333-4c96-9ed8-9dca8f299089,0
1,1,0,5|fan_in|topo_52c12a6fa235|float|diagnostic,0.316,0.2272,8,0.2627,win_to_win,b840daf0-a3b9-4324-a06f-03c6b44595f4,0
0,0,0,2|linear|topo_fdeb50f24873|float|diagnostic,0.1196,0.1167,0,0.1179,loss_to_loss,b89b5c12-ccc2-4109-bc87-24857dd99e40,0
1,1,0,2|linear|topo_fdeb50f24873|str|diagnostic,0.3337,0.3333,9,0.3335,win_to_win,b930b196-c49a-4b90-9772-7b9b22f5d83a,0
1,1,0,3|linear|topo_1c8dbe1830b2|float|diagnostic,0.1669,0.1207,2,0.1391,win_to_win,bc894a80-53b4-4831-a5c6-cf982a369283,0
1,1,0,4|linear|topo_5296967693d8|float|diagnostic,0.1277,0.1182,2,0.122,win_to_win,bef72027-79fd-4e32-8407-b6fab9c37847,0
1,1,0,3|linear|topo_1c8dbe1830b2|float|diagnostic,0.1669,0.1207,2,0.1391,win_to_win,bf63e869-1ed2-4bd3-9f1a-bfd48e7084db,0
0,0,0,4|fan_in|topo_30980484d6d7|float|diagnostic,0.2306,0.2282,6,0.2292,loss_to_loss,bff28333-e7e5-483f-ae1b-2ad95bedc37d,0
0,0,0,5|fan_in|topo_0c51481d8aeb|float|diagnostic,0.2533,0.2247,7,0.2361,loss_to_loss,c034b3cd-f436-40e6-9aea-87b2e1f363f3,0
1,1,0,4|linear|topo_5296967693d8|float|diagnostic,0.1232,0.1157,1,0.1187,win_to_win,c0aa6d66-e540-49d5-b7ef-89d6e5fd57df,0
0,0,0,5|fan_in|topo_5dc2042eea23|float|diagnostic,0.313,0.2272,8,0.2615,loss_to_loss,c0d6a53d-874b-48fd-b352-d21a35f2ab58,0
1,1,0,6+|fan_in|topo_5cf1a13edea8|float|diagnostic,0.2326,0.2297,6,0.2309,win_to_win,c2145e21-7a24-4dbb-a9b1-c8948147f0d9,0
1,0,-1,4|linear|topo_5296967693d8|float|diagnostic,0.1232,0.1157,1,0.1187,win_to_loss,c28f3807-67fa-4513-8fdc-7802409d49d9,0
0,0,0,5|fan_in|topo_17d840e0415f|float|diagnostic,0.3148,0.2272,8,0.2622,loss_to_loss,c35dfbfd-76ae-45d3-a7b2-7a46c10936df,0
1,1,0,2|linear|topo_fdeb50f24873|float|diagnostic,0.1134,0.1111,0,0.112,win_to_win,c38329a3-eaab-4596-9096-47e80ad97843,0
1,1,0,6+|fan_in|topo_619388d6c582|float|diagnostic,0.209,0.1215,3,0.1565,win_to_win,c3a4c2c9-0453-4b32-a1b1-440de236f8ce,0
0,0,0,4|linear|topo_5296967693d8|float|diagnostic,0.1277,0.1182,2,0.122,loss_to_loss,c48c671c-3759-4d22-9625-a53f947af6a4,0
0,0,0,2|linear|topo_fdeb50f24873|int|diagnostic,0.3335,0.3333,9,0.3334,loss_to_loss,c4cd0862-234b-459c-805c-14099acf49d8,0
0,0,0,2|linear|topo_fdeb50f24873|list|diagnostic,0.2581,0.2421,7,0.2485,loss_to_loss,c549eed3-2aa2-4baf-ace6-9a250dbf4924,0
1,1,0,4|linear|topo_5296967693d8|float|diagnostic,0.1277,0.1182,2,0.122,win_to_win,c5f39bd0-95b9-4db8-b487-739ff47c120c,0
0,0,0,3|linear|topo_1c8dbe1830b2|float|diagnostic,0.2347,0.2318,7,0.2329,loss_to_loss,c5fbeefb-86ff-46b9-adb3-c8f4cd4adba1,0
1,1,0,4|fan_in|topo_30980484d6d7|float|diagnostic,0.1202,0.1171,1,0.1183,win_to_win,c74a3ed2-40ab-4106-a64f-a221e039b517,0
1,1,0,5|fan_in|topo_17d840e0415f|float|diagnostic,0.3148,0.2272,8,0.2622,win_to_win,c74f7663-6aa1-4f96-8333-8a2a2129a547,0
1,1,0,3|fan_in|topo_911586a55488|float|diagnostic,0.118,0.1111,0,0.1139,win_to_win,c7b272cc-11fe-4633-a9e2-de51f80b8451,0
1,1,0,6+|fan_in|topo_a3f910781fb0|float|diagnostic,0.209,0.1215,3,0.1565,win_to_win,c8266f26-e536-4db5-b0d6-382bfd0a91d3,0
1,1,0,3|fan_in|topo_911586a55488|float|diagnostic,0.2228,0.2222,3,0.2224,win_to_win,c870a3f6-2c45-4bec-a40b-f74ecd268bec,0
1,1,0,6+|fan_in|topo_6c52cad17634|float|diagnostic,0.2942,0.2299,8,0.2556,win_to_win,c8832b6f-c67b-4a49-8e7e-bfe4d6e8a8d8,0
0,0,0,2|linear|topo_fdeb50f24873|int|diagnostic,0.2869,0.2479,9,0.2635,loss_to_loss,c89ea41f-51cc-44d0-a095-087c2d39285d,0
1,1,0,4|fan_in|topo_5b37b75596d2|float|diagnostic,0.2306,0.2282,6,0.2292,win_to_win,c8ae8811-ce45-4165-afd2-65f9720e5c03,0
1,1,0,6+|fan_in|topo_cd7f4c91b6f3|float|diagnostic,0.2286,0.2232,4,0.2254,win_to_win,c8d82893-19ba-40ae-bb44-fe06ff67cdcc,0
0,0,0,4|fan_in|topo_5b37b75596d2|float|diagnostic,0.2306,0.2282,6,0.2292,loss_to_loss,c8fe1b79-5601-4660-a8ea-16c6fff9c744,0
1,1,0,4|fan_in|topo_30980484d6d7|float|diagnostic,0.1202,0.1171,1,0.1183,win_to_win,c922d80c-b8ba-4680-9cbe-dc73c0f6eab3,0
0,0,0,6+|fan_in|topo_8c9ca7dddd8f|float|diagnostic,0.2766,0.2297,7,0.2484,loss_to_loss,c9bd9463-a78f-4d8f-83e9-7e5d14f6994b,0
1,1,0,4|fan_in|topo_bd3dd51ec1a9|float|diagnostic,0.1202,0.1171,1,0.1183,win_to_win,ca30039f-334d-4462-8912-ff7996912bb9,0
1,1,0,2|linear|topo_fdeb50f24873|bool|diagnostic,0.2377,0.2239,6,0.2295,win_to_win,ca85531d-bc1d-40e8-8769-438c3e886fe2,0
0,0,0,6+|fan_in|topo_877fd82ed260|float|diagnostic,0.3411,0.338,9,0.3392,loss_to_loss,cb292a5a-b3fa-4310-b4f8-7532f24792a6,0
0,0,0,2|linear|topo_fdeb50f24873|list|diagnostic,0.2385,0.2226,5,0.229,loss_to_loss,cb993fec-f656-4b15-904b-084c311bd7e2,0
1,1,0,2|linear|topo_fdeb50f24873|float|diagnostic,0.1224,0.1204,1,0.1212,win_to_win,cbc30b4f-03b3-47ff-a914-e801e5717d55,0
1,1,0,4|fan_in|topo_bd3dd51ec1a9|float|diagnostic,0.2306,0.2282,6,0.2292,win_to_win,cc2a8330-c94f-4949-a2d7-f4bc71c1138c,0
0,0,0,4|linear|topo_5296967693d8|float|diagnostic,0.231,0.2269,5,0.2285,loss_to_loss,ccb458fa-d81d-49cc-a872-78e6f78891d2,0
1,1,0,6+|fan_in|topo_db320d0d30c9|float|diagnostic,0.227,0.224,4,0.2252,win_to_win,ccf24406-7e65-4813-b8a4-64bd142b13e7,0
1,1,0,3|linear|topo_1c8dbe1830b2|float|diagnostic,0.1669,0.1207,2,0.1391,win_to_win,cd2c11f9-7d61-4b5b-8292-304878bc8f34,0
0,0,0,4|fan_in|topo_5b37b75596d2|float|diagnostic,0.2306,0.2282,6,0.2292,loss_to_loss,cd504733-bb25-4995-9fcc-2c786689fd98,0
1,1,0,6+|fan_in|topo_3fc4ea9607be|float|diagnostic,0.23,0.2222,4,0.2253,win_to_win,cd6b81c1-5157-4920-93ec-3ed00b01621b,0
1,1,0,6+|fan_in|topo_a3a2cea2761d|float|diagnostic,0.2326,0.2297,6,0.2309,win_to_win,cdadfe2d-be7f-4395-8d5c-765e99d0815d,0
1,1,0,6+|fan_in|topo_488ca23233c7|float|diagnostic,0.341,0.3373,9,0.3388,win_to_win,cdfc6ae1-e182-443e-b66e-1162b3d38a03,0
1,1,0,3|linear|topo_1c8dbe1830b2|float|diagnostic,0.2303,0.2244,4,0.2267,win_to_win,ced97929-b113-413a-a5be-c01d4b59c073,0
1,1,0,3|linear|topo_1c8dbe1830b2|float|diagnostic,0.1669,0.1207,2,0.1391,win_to_win,cffae660-6fc6-4c48-8bfc-51be4385eb41,0
1,1,0,6+|fan_in|topo_2b9a65f092bb|float|diagnostic,0.2118,0.1204,3,0.1569,win_to_win,d010385a-4346-45ae-baaf-5eb5ff4a0071,0
1,1,0,5|fan_in|topo_774030263969|float|diagnostic,0.2279,0.2247,4,0.226,win_to_win,d0b81e07-1120-4d16-bb30-210922380178,0
1,1,0,5|fan_in|topo_0c51481d8aeb|float|diagnostic,0.2533,0.2247,7,0.2361,win_to_win,d0e4ce58-0809-48bf-bc0f-af4904c1b6f7,0
1,1,0,5|fan_in|topo_0c51481d8aeb|float|diagnostic,0.2279,0.2247,4,0.226,win_to_win,d13b28e8-59e7-4b1d-bcf8-efd26d9e8de3,0
1,1,0,6+|fan_in|topo_053156353fa9|float|diagnostic,0.1665,0.1186,2,0.1378,win_to_win,d15de72b-e688-459e-bf1d-fc9c79c5aab0,0
0,0,0,6+|fan_in|topo_053156353fa9|float|diagnostic,0.1665,0.1186,2,0.1378,loss_to_loss,d1c052b8-7b8f-4276-b609-102af3933429,0
1,1,0,4|fan_in|topo_5b37b75596d2|float|diagnostic,0.1609,0.1145,2,0.1331,win_to_win,d1f08f46-390b-49ea-9534-ee1639221aec,0
0,0,0,6+|fan_in|topo_c39b8213eda5|float|diagnostic,0.2067,0.1181,3,0.1535,loss_to_loss,d20d683a-d14b-4108-8b0b-20d2dde2ad44,0
1,0,-1,3|linear|topo_1c8dbe1830b2|float|diagnostic,0.168,0.1216,3,0.1402,win_to_loss,d27d13fd-1d87-4878-bb12-c9910d53a134,0
1,1,0,4|fan_in|topo_bd3dd51ec1a9|float|diagnostic,0.2306,0.2282,6,0.2292,win_to_win,d2f60c36-a1dd-449c-820f-7ef26e8db0ce,0
0,0,0,6+|fan_in|topo_c9df77cdba57|float|diagnostic,0.3155,0.2284,9,0.2632,loss_to_loss,d35cd697-07ba-43bb-9035-05f045395df0,0
0,0,0,3|linear|topo_1c8dbe1830b2|float|diagnostic,0.1669,0.1207,2,0.1391,loss_to_loss,d36a7acb-7a01-4eb1-9d6c-1d7436854b25,0
0,0,0,6+|fan_in|topo_619388d6c582|float|diagnostic,0.209,0.1215,3,0.1565,loss_to_loss,d3b2541d-f260-4cf7-bdb7-5d75178f80f3,0
1,1,0,2|linear|topo_fdeb50f24873|float|diagnostic,0.1224,0.1204,1,0.1212,win_to_win,d3b4384c-4b01-461a-a1a4-2aa313207f18,0
1,1,0,5|fan_in|topo_17d840e0415f|float|diagnostic,0.3148,0.2272,8,0.2622,win_to_win,d4c761eb-50a5-40eb-802f-c27c23600ecb,0
0,1,1,2|linear|topo_fdeb50f24873|float|diagnostic,0.1196,0.1167,0,0.1179,loss_to_win,d5aec711-273b-4a98-9789-02d7ac1a45be,0
1,1,0,3|linear|topo_1c8dbe1830b2|float|diagnostic,0.1669,0.1207,2,0.1391,win_to_win,d6c9c7eb-7a64-4007-a9c6-b475be17b9a4,0
1,1,0,6+|fan_in|topo_73c0a91d9e5f|float|diagnostic,0.2281,0.2255,4,0.2265,win_to_win,d71ce103-fb88-4af0-a6a7-1ed85a639c57,0
0,0,0,5|linear|topo_d228dd6db98a|float|diagnostic,0.2248,0.2222,4,0.2233,loss_to_loss,d7626ffb-76e8-433f-8eff-2a9c81282049,0
1,1,0,4|linear|topo_5296967693d8|float|diagnostic,0.231,0.2269,5,0.2285,win_to_win,d87c8747-a626-4e8b-90e6-825cef31fb05,0
1,1,0,5|fan_in|topo_774030263969|float|diagnostic,0.2279,0.2247,4,0.226,win_to_win,d883f2ac-e3ea-456c-a7ff-9abdb91a8f16,0
1,1,0,4|fan_in|topo_bd3dd51ec1a9|float|diagnostic,0.2306,0.2282,6,0.2292,win_to_win,d8ea3b09-8263-4b35-b6eb-622ebca8cc09,0
1,1,0,2|linear|topo_fdeb50f24873|dict|diagnostic,0.2388,0.2242,6,0.23,win_to_win,d9657b27-fc32-4b1b-8821-f408a3cf7940,0
1,1,0,4|linear|topo_5296967693d8|float|diagnostic,0.1277,0.1182,2,0.122,win_to_win,db0f42d4-165c-4e31-bebd-9d6e5891c535,0
0,0,0,6+|fan_in|topo_4ad60a205ffc|float|diagnostic,0.2326,0.2297,6,0.2309,loss_to_loss,db25d9a4-caa5-4657-b24e-545a5be6b981,0
0,1,1,5|fan_in|topo_17d840e0415f|float|diagnostic,0.2485,0.116,3,0.169,loss_to_win,db8d72af-7a1a-4201-a376-4b827b0162df,0
1,1,0,4|linear|topo_5296967693d8|float|diagnostic,0.1277,0.1182,2,0.122,win_to_win,dc009c32-925d-40ae-a4af-eea8ebf28cb2,0
1,1,0,3|linear|topo_1c8dbe1830b2|float|diagnostic,0.1669,0.1207,2,0.1391,win_to_win,dc5fc3b0-79a6-4aa9-8655-458ad1725bdf,0
0,0,0,2|linear|topo_fdeb50f24873|float|diagnostic,0.1194,0.1167,0,0.1177,loss_to_loss,dc96276f-7680-42f4-8489-cfeca78d07c4,0
1,1,0,3|linear|topo_1c8dbe1830b2|float|diagnostic,0.1669,0.1207,2,0.1391,win_to_win,dd7a392f-d258-4192-941a-b487c575eabd,0
1,1,0,2|linear|topo_fdeb50f24873|float|diagnostic,0.1196,0.1167,0,0.1179,win_to_win,deca0cfc-5c4b-42e7-8d89-6a4ca7d9c771,0
0,1,1,6+|fan_in|topo_de1df42fc028|float|diagnostic,0.3405,0.3377,9,0.3388,loss_to_win,df7d09de-9314-438c-a726-5189f82d3bd9,0
0,0,0,4|fan_in|topo_30980484d6d7|float|diagnostic,0.2306,0.2282,6,0.2292,loss_to_loss,e0bd90e4-6dcc-45e2-9dd4-44e97eadbff4,0
1,0,-1,6+|fan_in|topo_8e07a51a35a6|float|diagnostic,0.227,0.224,4,0.2252,win_to_loss,e1a005a4-216d-4486-a15b-d53ccb574e78,0
0,0,0,6+|fan_in|topo_8364ff3eb7a6|float|diagnostic,0.2302,0.2284,5,0.2291,loss_to_loss,e218fe94-0943-47ec-9f47-b7f716a1f410,0
1,1,0,3|linear|topo_1c8dbe1830b2|float|diagnostic,0.1669,0.1207,2,0.1391,win_to_win,e2cf1726-9a4d-4cb1-a32f-5f5e9ba0d3c4,0
0,0,0,3|fan_in|topo_911586a55488|float|diagnostic,0.118,0.1111,0,0.1139,loss_to_loss,e3146382-ad8d-4d85-82e1-f08127121657,0
1,1,0,6+|fan_in|topo_f5466e583fca|float|diagnostic,0.2326,0.2297,6,0.2309,win_to_win,e3a118fa-b77d-4f76-9dc6-66233a361aba,0
0,1,1,3|linear|topo_1c8dbe1830b2|float|diagnostic,0.168,0.1216,3,0.1402,loss_to_win,e3f3049a-021f-4f90-9c4e-640aaf4519c4,0
1,1,0,6+|fan_in|topo_5cf1a13edea8|float|diagnostic,0.2046,0.1111,3,0.1485,win_to_win,e422f852-fe4a-4981-b899-25e6263b9a4a,0
1,1,0,3|linear|topo_1c8dbe1830b2|float|diagnostic,0.2347,0.2318,7,0.2329,win_to_win,e43bbe8b-0429-473d-96c9-216905851bd6,0
1,1,0,5|linear|topo_d228dd6db98a|float|diagnostic,0.1138,0.1111,0,0.1122,win_to_win,e4bdc3e1-4c28-4050-a23a-ab74718caada,0
1,0,-1,2|linear|topo_fdeb50f24873|float|diagnostic,0.1196,0.1167,0,0.1179,win_to_loss,e5eb37ac-bd11-4a84-82a3-588c93ba7712,0
1,1,0,5|fan_in|topo_7279e5f4b24a|float|diagnostic,0.2531,0.2247,7,0.236,win_to_win,e652bee6-4121-4ca1-8dd0-653787184a80,0
1,1,0,3|linear|topo_1c8dbe1830b2|float|diagnostic,0.168,0.1216,3,0.1402,win_to_win,e665aa88-e0ac-4724-866a-44d2c84e97b0,0
0,0,0,2|linear|topo_fdeb50f24873|int|diagnostic,0.2385,0.2227,5,0.229,loss_to_loss,e66fce41-6850-45a8-9db4-5cdf7fc5d81c,0
1,1,0,4|fan_in|topo_bd3dd51ec1a9|float|diagnostic,0.2306,0.2282,6,0.2292,win_to_win,e6768b60-cc80-4e82-b9c8-c0d48df718fe,0
0,1,1,3|linear|topo_1c8dbe1830b2|bool|diagnostic,0.3504,0.3461,9,0.3478,loss_to_win,e67ab11d-70f4-4d75-9cf4-dc77d18dda1f,0
0,0,0,3|mixed|topo_c654e84914a1|list|diagnostic,0.3913,0.3499,9,0.3665,loss_to_loss,e6a8c49d-577f-4a1e-a2d0-96ec051f83ac,0
0,1,1,5|fan_in|topo_17d840e0415f|float|diagnostic,0.3148,0.2272,8,0.2622,loss_to_win,e70bd2c9-99af-410a-bc6d-61a65e00f7d8,0
1,1,0,6+|fan_in|topo_5ccc221f2d3d|float|diagnostic,0.3176,0.2314,9,0.2659,win_to_win,e7739078-35f2-48da-a734-cb4b077cf372,0
0,0,0,5|fan_in|topo_6011a58939eb|float|diagnostic,0.2279,0.2247,4,0.226,loss_to_loss,e7dc9f54-d564-4d82-ab36-60ca22bfb8e2,0
0,0,0,5|fan_in|topo_774030263969|float|diagnostic,0.2533,0.2247,7,0.2361,loss_to_loss,e82737ff-a667-46b4-8b1d-1e16b1785911,0
0,1,1,3|linear|topo_1c8dbe1830b2|float|diagnostic,0.1669,0.1207,2,0.1391,loss_to_win,e854fd67-4e08-483f-a4b2-a4c7c4f85d17,0
0,1,1,6+|fan_in|topo_f02a8d13f327|float|diagnostic,0.2118,0.1204,3,0.1569,loss_to_win,e8605b92-ee9a-4265-9c3c-aa4bc3a691e9,0
0,0,0,2|linear|topo_fdeb50f24873|int|diagnostic,0.2926,0.229,8,0.2544,loss_to_loss,e940f944-a864-4e44-8c9d-cf914b5c8d3e,0
0,0,0,3|linear|topo_1c8dbe1830b2|float|diagnostic,0.2347,0.2318,7,0.2329,loss_to_loss,eb1312ee-7059-4660-a43c-ecff8b71919d,0
0,0,0,6+|fan_in|topo_596ff8eb2493|float|diagnostic,0.3206,0.2388,9,0.2715,loss_to_loss,eb98f598-754c-4117-b630-dc58914f2a4d,0
0,0,0,3|linear|topo_1c8dbe1830b2|float|diagnostic,0.2586,0.2527,8,0.2551,loss_to_loss,ebdb9ed1-c0cb-49a3-b99f-51a3abdf8b90,0
1,1,0,3|linear|topo_1c8dbe1830b2|int|diagnostic,0.3482,0.3445,9,0.346,win_to_win,ec654414-df15-4621-9b4d-3570a4ae6864,0
1,1,0,2|linear|topo_fdeb50f24873|float|diagnostic,0.1224,0.1204,1,0.1212,win_to_win,ed8bfd25-69ed-4d52-8e62-438e8258f812,0
0,0,0,2|linear|topo_fdeb50f24873|float|diagnostic,0.1224,0.1204,1,0.1212,loss_to_loss,ed9416d7-f389-44e7-8a8c-3b7b7f7e9561,0
1,1,0,5|fan_in|topo_0c51481d8aeb|float|diagnostic,0.182,0.1135,3,0.1409,win_to_win,ef29201e-ebf0-47cc-8228-3f68241ef6f5,0
0,0,0,3|fan_in|topo_911586a55488|float|diagnostic,0.2228,0.2222,3,0.2224,loss_to_loss,f233bac0-19b3-4c09-b8ae-ed847a9c7c1d,0
0,0,0,3|fan_in|topo_911586a55488|float|diagnostic,0.118,0.1111,0,0.1139,loss_to_loss,f23c3b8c-1ca9-42f3-a040-dce72b65aa28,0
0,0,0,6+|fan_in|topo_4c00a7d6eda2|float|diagnostic,0.3143,0.2292,9,0.2632,loss_to_loss,f2aede8e-145b-4b28-84d4-9fb63d8564d7,0
0,0,0,4|linear|topo_5296967693d8|float|diagnostic,0.1277,0.1182,2,0.122,loss_to_loss,f334ca41-2c0e-42d1-9ff1-afe48f56e9f8,0
1,1,0,4|fan_in|topo_bd3dd51ec1a9|float|diagnostic,0.2306,0.2282,6,0.2292,win_to_win,f35d7635-07e6-41a2-992d-612f82be538c,0
1,1,0,6+|fan_in|topo_660bdcd7ac11|float|diagnostic,0.2534,0.2255,7,0.2366,win_to_win,f373d250-2c9f-42f5-a12a-cbe17de52be1,0
1,1,0,4|fan_in|topo_30980484d6d7|float|diagnostic,0.1202,0.1171,1,0.1183,win_to_win,f39b094a-54f6-4915-8ede-44b3515fcceb,0
1,1,0,6+|fan_in|topo_ebc77146d886|float|diagnostic,0.2302,0.2284,5,0.2291,win_to_win,f3ff1bb8-0747-4453-afbb-a71cf3fd92d9,0
1,1,0,5|fan_in|topo_7279e5f4b24a|float|diagnostic,0.2531,0.2247,7,0.236,win_to_win,f50c216d-76ee-4609-8fd7-5e6efeb01927,0
1,1,0,3|fan_in|topo_911586a55488|float|diagnostic,0.2228,0.2222,3,0.2224,win_to_win,f5a81c81-73e3-4c94-87dd-44f400c5b843,0
1,1,0,3|linear|topo_1c8dbe1830b2|float|diagnostic,0.2347,0.2318,7,0.2329,win_to_win,f5f86953-11aa-47f5-92f5-607f7ba9fe00,0
0,0,0,4|fan_in|topo_5b37b75596d2|float|diagnostic,0.2306,0.2282,6,0.2292,loss_to_loss,f667a28d-2be7-41fc-94ed-118e8381a2c3,0
0,0,0,4|fan_in|topo_bd3dd51ec1a9|float|diagnostic,0.1202,0.1171,1,0.1183,loss_to_loss,f6aa4233-451e-4e33-abe1-451a313b6fec,0
1,1,0,2|linear|topo_fdeb50f24873|str|diagnostic,0.2713,0.2233,7,0.2425,win_to_win,f76b1983-59a8-4264-9065-ef478e8f3944,0
1,1,0,2|linear|topo_fdeb50f24873|float|diagnostic,0.1194,0.1167,0,0.1177,win_to_win,f78c26cb-d05d-4cfd-8be3-47b0b01d2e95,0
1,1,0,5|fan_in|topo_6011a58939eb|float|diagnostic,0.2276,0.2238,4,0.2253,win_to_win,f7d975ce-dcd5-46ba-bfbf-f18b79aa15bd,0
1,1,0,5|fan_in|topo_774030263969|float|diagnostic,0.2531,0.2247,7,0.236,win_to_win,f835d116-65c1-4ab8-95d3-980506564ddd,0
1,1,0,6+|fan_in|topo_2b60abe1fbcb|float|diagnostic,0.2327,0.2222,4,0.2264,win_to_win,f8fdce32-9e0f-4f9c-bd0d-15dfce117a71,0
1,1,0,3|linear|topo_1c8dbe1830b2|float|diagnostic,0.1669,0.1207,2,0.1391,win_to_win,f905138a-f657-4ab0-a9f9-b17fd5854b4f,0
1,1,0,3|linear|topo_1c8dbe1830b2|float|diagnostic,0.2347,0.2318,7,0.2329,win_to_win,f9ebc5c7-fafb-4b4b-ae3f-8f4f10f5ca31,0
1,1,0,6+|fan_in|topo_a4503152b38a|float|diagnostic,0.3388,0.337,9,0.3378,win_to_win,fa47c82a-60bf-4ff0-bcf7-d7b41fe795c4,0
1,1,0,2|linear|topo_fdeb50f24873|list|diagnostic,0.292,0.256,9,0.2704,win_to_win,fa57c28a-e9d8-44fb-a358-a9404a557d5b,0
0,0,0,5|fan_in|topo_774030263969|float|diagnostic,0.2531,0.2247,7,0.236,loss_to_loss,fa9c7f16-9ea7-4eb4-b3d4-efdb6492cf3d,0
1,1,0,6+|linear|topo_02b29308ce2b|float|diagnostic,0.124,0.1186,1,0.1208,win_to_win,fb341674-da07-4323-b70a-7bb759f1e746,0
1,1,0,3|fan_in|topo_911586a55488|float|diagnostic,0.2228,0.2222,3,0.2224,win_to_win,fc47e3cd-d410-4517-9b20-9817fa2e8217,0
0,0,0,5|fan_in|topo_6011a58939eb|float|diagnostic,0.2279,0.2247,4,0.226,loss_to_loss,fc6100d1-accb-423a-a8c0-4f4a14ea3cd5,0
0,0,0,6+|fan_in|topo_0132aac98622|float|diagnostic,0.2956,0.2291,8,0.2557,loss_to_loss,fc783b3f-ceb7-4705-bfb8-04a9634bd5ba,0
0,0,0,3|linear|topo_1c8dbe1830b2|float|diagnostic,0.168,0.1216,3,0.1402,loss_to_loss,fc8a9de4-dbbd-4a43-b86f-e331c5ab6199,0
0,0,0,6+|fan_in|topo_3d776f83e4a8|float|diagnostic,0.319,0.2388,9,0.2709,loss_to_loss,fd49d75b-907d-4ea8-8f20-b94ae88ba68d,0
0,0,0,3|fan_in|topo_911586a55488|float|diagnostic,0.2228,0.2222,3,0.2224,loss_to_loss,fd93d5e2-b364-47d3-95c6-b253545f19a9,0
0,0,0,3|mixed|topo_5c49d2fff8bb|str|diagnostic,0.4729,0.4727,9,0.4728,loss_to_loss,fd974a69-367d-4ad0-ba69-509a91be9547,0
0,0,0,6+|fan_in|topo_1835893559d9|float|diagnostic,0.23,0.2222,4,0.2253,loss_to_loss,fde10026-a75e-44d5-ba81-adc9510c5c22,0
1,0,-1,5|fan_in|topo_7279e5f4b24a|float|diagnostic,0.2531,0.2247,7,0.236,win_to_loss,fe72229a-2b0d-4eb4-8ba9-1e5179ff5029,0
0,0,0,6+|fan_in|topo_ebc77146d886|float|diagnostic,0.209,0.1215,3,0.1565,loss_to_loss,fed1fe60-ded8-481f-bf6a-8918b655660a,0
0,0,0,6+|fan_in|topo_bc551a84449b|float|diagnostic,0.2941,0.2248,8,0.2525,loss_to_loss,ffc78483-512b-4cac-82e9-6081425c2cd4,0
