dominant_output_key,n_refs,output_key_hist,pattern_hist,sample_id,source
output_0,4,{'output_0': 4},{0: 4},ttdf_2134f49bd3ad,train
output_0,4,{'output_0': 4},{0: 4},ttdf_a59ae8939796,train
output_0,1,{'output_0': 1},{0: 1},ttdf_562e14e68ec4,train
output_0,3,{'output_0': 3},{0: 3},ttdf_4753fd527f32,train
output_0,2,{'output_0': 2},{0: 2},ttdf_a67dd02aea22,train
output_0,6,{'output_0': 6},{0: 6},ttdf_2930e4ea8e12,train
output_0,7,{'output_0': 7},{0: 7},ttdf_5142b25ba487,train
output_0,1,{'output_0': 1},{0: 1},ttdf_3890bd39e665,train
output_0,1,{'output_0': 1},{0: 1},ttdf_532d50f0732d,train
output_0,3,{'output_0': 3},{0: 3},ttdf_0912a2d9b2db,train
output_0,7,{'output_0': 7},{0: 7},ttdf_206eda2ac240,train
output_0,1,{'output_0': 1},{0: 1},ttdf_8b4d367aa455,train
output_0,2,{'output_0': 2},{0: 2},ttdf_4372e82cfaea,train
output_0,7,{'output_0': 7},{0: 7},ttdf_287fde663010,train
output_0,6,{'output_0': 6},{0: 6},ttdf_6f1063fd2398,train
output_0,4,{'output_0': 4},{0: 4},ttdf_01f1f3477121,train
output_0,4,{'output_0': 4},{0: 4},ttdf_30257f6cbd9c,train
output_0,3,{'output_0': 3},{0: 3},ttdf_2b01f67e9a1d,train
output_0,3,{'output_0': 3},{0: 3},ttdf_6ce24f7abecb,train
output_0,1,{'output_0': 1},{0: 1},ttdf_535dbe9527dd,train
output_0,2,{'output_0': 2},{0: 2},ttdf_9989ceca2df4,train
output_0,3,{'output_0': 3},{0: 3},ttdf_762653723791,train
output_0,1,{'output_0': 1},{0: 1},ttdf_32bbf29428a3,train
output_0,3,{'output_0': 3},{0: 3},ttdf_65fef5d2a589,train
output_0,1,{'output_0': 1},{0: 1},ttdf_9814264bbca9,train
output_0,2,{'output_0': 2},{0: 2},ttdf_6c2b44eaafa2,train
output_0,5,{'output_0': 5},{0: 5},ttdf_36094f981041,train
output_0,4,{'output_0': 4},{0: 4},ttdf_4ee189eb3fb1,train
output_0,3,{'output_0': 3},{0: 3},ttdf_0bb1edecd7d4,train
output_0,2,{'output_0': 2},{0: 2},ttdf_2210f8e4201b,train
output_0,6,{'output_0': 6},{0: 6},ttdf_142e470b86c2,train
output_0,5,{'output_0': 5},{0: 5},ttdf_009269876b66,train
output_0,5,{'output_0': 5},{0: 5},ttdf_56b1d8a50298,train
output_0,4,{'output_0': 4},{0: 4},ttdf_c15843d5094d,train
output_0,7,{'output_0': 7},{0: 7},ttdf_6ed43fbfeb46,train
output_0,6,{'output_0': 6},{0: 6},ttdf_0416cb3ea7d0,train
output_0,7,{'output_0': 7},{0: 7},ttdf_35d324d3ffea,train
output_0,1,{'output_0': 1},{0: 1},ttdf_88cc673c47eb,train
output_0,2,{'output_0': 2},{0: 2},ttdf_79ec19983689,train
output_0,1,{'output_0': 1},{0: 1},ttdf_beacd9fdac7e,train
output_0,5,{'output_0': 5},{0: 5},ttdf_f2d6523184d3,train
output_0,5,{'output_0': 5},{0: 5},ttdf_4a6b1917bc52,train
output_0,4,{'output_0': 4},{0: 4},ttdf_2bd67a52622b,train
output_0,4,{'output_0': 4},{0: 4},ttdf_d462deb8e784,train
output_0,2,{'output_0': 2},{0: 2},ttdf_0ac44cdaf224,train
output_0,6,{'output_0': 6},{0: 6},ttdf_2850ab74f908,train
output_0,2,{'output_0': 2},{0: 2},ttdf_6feadde0e7c7,train
output_0,7,{'output_0': 7},{0: 7},ttdf_497784555320,train
output_0,2,{'output_0': 2},{0: 2},ttdf_9adc092f5240,train
output_0,1,{'output_0': 1},{0: 1},ttdf_696a0338152e,train
output_0,1,{'output_0': 1},{0: 1},ttdf_34774153f67e,train
output_0,2,{'output_0': 2},{0: 2},ttdf_9c6991e79a3c,train
output_0,5,{'output_0': 5},{0: 5},ttdf_b10884256be0,train
output_0,1,{'output_0': 1},{0: 1},ttdf_448c81905933,train
output_0,1,{'output_0': 1},{0: 1},ttdf_76ae9ab480c4,train
output_0,6,{'output_0': 6},{0: 6},ttdf_1814be9dc2b9,train
output_0,1,{'output_0': 1},{0: 1},ttdf_79c11b834e64,train
output_0,1,{'output_0': 1},{0: 1},ttdf_5828bcf6bed4,train
output_0,1,{'output_0': 1},{0: 1},ttdf_1944101ba044,train
output_0,5,{'output_0': 5},{0: 5},ttdf_609f3bf21351,train
output_0,5,{'output_0': 5},{0: 5},ttdf_4f9e7d9f04f2,train
output_0,2,{'output_0': 2},{0: 2},ttdf_cbb29c153948,train
output_0,4,{'output_0': 4},{0: 4},ttdf_8627d42eb743,train
output_0,3,{'output_0': 3},{0: 3},ttdf_03c34f015946,train
output_0,1,{'output_0': 1},{0: 1},ttdf_614e38f5786f,train
output_0,1,{'output_0': 1},{0: 1},ttdf_3ac461b80bd0,train
output_0,2,{'output_0': 2},{0: 2},ttdf_5f2eb8ec39ec,train
output_0,2,{'output_0': 2},{0: 2},ttdf_24e54df2031a,train
output_0,4,{'output_0': 4},{0: 4},ttdf_a10762cd3fdb,train
output_0,1,{'output_0': 1},{0: 1},ttdf_afb97edec7a8,train
output_0,2,{'output_0': 2},{0: 2},ttdf_8b876d1a510b,train
output_0,1,{'output_0': 1},{0: 1},ttdf_8e27b528afe7,train
output_0,3,{'output_0': 3},{0: 3},ttdf_d77d7fc9291c,train
output_0,3,{'output_0': 3},{0: 3},ttdf_0302cc191877,train
output_0,1,{'output_0': 1},{0: 1},ttdf_2ac5d4140b18,train
output_0,2,{'output_0': 2},{0: 2},ttdf_2ea5f1624fa2,train
output_0,1,{'output_0': 1},{0: 1},ttdf_3797b7e4ed31,train
output_0,1,{'output_0': 1},{0: 1},ttdf_628a16995bb0,train
output_0,1,{'output_0': 1},{0: 1},ttdf_7aaff747a472,train
output_0,1,{'output_0': 1},{0: 1},ttdf_39dadfc9a63a,train
output_0,2,{'output_0': 2},{0: 2},ttdf_93306ab0293b,train
output_0,2,{'output_0': 2},{0: 2},ttdf_4f5fa4d0edc3,train
output_0,5,{'output_0': 5},{0: 5},ttdf_21c32f38a7df,train
output_0,5,{'output_0': 5},{0: 5},ttdf_a853767b29e2,train
output_0,6,{'output_0': 6},{0: 6},ttdf_055a08a7b8e6,train
output_0,5,{'output_0': 5},{0: 5},ttdf_51b603b67262,train
output_0,2,{'output_0': 2},{0: 2},ttdf_96d94ff64972,train
output_0,2,{'output_0': 2},{0: 2},ttdf_3a5e77bbf1ec,train
output_0,3,{'output_0': 3},{0: 3},ttdf_73c3bd29a893,train
output_0,2,{'output_0': 2},{0: 2},ttdf_6236022fff78,train
output_0,7,{'output_0': 7},{0: 7},ttdf_042a0741f757,train
output_0,4,{'output_0': 4},{0: 4},ttdf_5491747156bf,train
output_0,1,{'output_0': 1},{0: 1},ttdf_675dde9d7635,train
output_0,1,{'output_0': 1},{0: 1},ttdf_58fc5fc03091,train
output_0,3,{'output_0': 3},{0: 3},ttdf_11be16ca0757,train
output_0,2,{'output_0': 2},{0: 2},ttdf_3c25e92d81b4,train
output_0,1,{'output_0': 1},{0: 1},ttdf_95dcc556032f,train
output_0,5,{'output_0': 5},{0: 5},ttdf_036e79c79a8e,train
output_0,3,{'output_0': 3},{0: 3},ttdf_18c3ae8229a1,train
output_0,3,{'output_0': 3},{0: 3},ttdf_09941df0e2e9,train
output_0,1,{'output_0': 1},{0: 1},ttdf_30604a02a4a5,train
output_0,1,{'output_0': 1},{0: 1},ttdf_bf7a987620ae,train
output_0,2,{'output_0': 2},{0: 2},ttdf_1d4b98d1172c,train
output_0,5,{'output_0': 5},{0: 5},ttdf_7636df369798,train
output_0,2,{'output_0': 2},{0: 2},ttdf_1691d81231be,train
output_0,3,{'output_0': 3},{0: 3},ttdf_e4e89fb61074,train
output_0,1,{'output_0': 1},{0: 1},ttdf_00a9b63f9539,train
output_0,5,{'output_0': 5},{0: 5},ttdf_0613679509cc,train
output_0,4,{'output_0': 4},{0: 4},ttdf_b56694488ef2,train
output_0,2,{'output_0': 2},{0: 2},ttdf_ca94c57fb5b6,train
output_0,4,{'output_0': 4},{0: 4},ttdf_4518b2b9440b,train
output_0,5,{'output_0': 5},{0: 5},ttdf_15f30b4bf2db,train
output_0,1,{'output_0': 1},{0: 1},ttdf_494229fe9fca,train
output_0,5,{'output_0': 5},{0: 5},ttdf_0352a123b4c5,train
output_0,4,{'output_0': 4},{0: 4},ttdf_53085e019315,train
output_0,5,{'output_0': 5},{0: 5},ttdf_4325d506688c,train
output_0,2,{'output_0': 2},{0: 2},ttdf_3ff5ed2826dc,train
output_0,6,{'output_0': 6},{0: 6},ttdf_4b3dc624a4eb,train
output_0,5,{'output_0': 5},{0: 5},ttdf_fe5ae9b9a99a,train
output_0,2,{'output_0': 2},{0: 2},ttdf_8f88fd432c9f,train
output_0,1,{'output_0': 1},{0: 1},ttdf_8ac099ed9122,train
output_0,5,{'output_0': 5},{0: 5},ttdf_263dd441e6c7,train
output_0,3,{'output_0': 3},{0: 3},ttdf_e66bdf672840,train
output_0,1,{'output_0': 1},{0: 1},ttdf_f172051cb77c,train
output_0,6,{'output_0': 6},{0: 6},ttdf_49dd37193126,train
output_0,2,{'output_0': 2},{0: 2},ttdf_4c8465251e67,train
output_0,5,{'output_0': 5},{0: 5},ttdf_06442de4a574,train
output_0,6,{'output_0': 6},{0: 6},ttdf_32267dc3f1da,train
output_0,1,{'output_0': 1},{0: 1},ttdf_118661fed5d0,train
output_0,4,{'output_0': 4},{0: 4},ttdf_608d3682baf0,train
output_0,2,{'output_0': 2},{0: 2},ttdf_5c3ceb338cf1,train
output_0,1,{'output_0': 1},{0: 1},ttdf_319508cf581c,train
output_0,5,{'output_0': 5},{0: 5},ttdf_64e95c29f73b,train
output_0,5,{'output_0': 5},{0: 5},ttdf_cb645220f1f7,train
output_0,3,{'output_0': 3},{0: 3},ttdf_09ac55e07322,train
output_0,1,{'output_0': 1},{0: 1},ttdf_218958256564,train
output_0,2,{'output_0': 2},{0: 2},ttdf_d9be3672cdab,train
output_0,2,{'output_0': 2},{0: 2},ttdf_9ae0ef4b2e1e,train
output_0,1,{'output_0': 1},{0: 1},ttdf_56a755006bca,train
output_0,2,{'output_0': 2},{0: 2},ttdf_ac49db15e2a7,train
output_0,3,{'output_0': 3},{0: 3},ttdf_1a4aba0f1e57,train
output_0,7,{'output_0': 7},{0: 7},ttdf_e24af81cd6f2,train
output_0,1,{'output_0': 1},{0: 1},ttdf_4d663f78a593,train
output_0,5,{'output_0': 5},{0: 5},ttdf_3a32b63a479d,train
output_0,1,{'output_0': 1},{0: 1},ttdf_f65e28b76b32,train
output_0,3,{'output_0': 3},{0: 3},ttdf_125144b72cb5,train
output_0,4,{'output_0': 4},{0: 4},ttdf_a20c2e3958d9,train
output_0,4,{'output_0': 4},{0: 4},ttdf_474eaed4f2d5,train
output_0,1,{'output_0': 1},{0: 1},ttdf_a00755805f5a,train
output_0,3,{'output_0': 3},{0: 3},ttdf_230e5db52229,train
output_0,3,{'output_0': 3},{0: 3},ttdf_4395ab4804db,train
output_0,1,{'output_0': 1},{0: 1},ttdf_72456fbaceec,train
output_0,5,{'output_0': 5},{0: 5},ttdf_27aaca70dd97,train
output_0,5,{'output_0': 5},{0: 5},ttdf_0da13eb1c2e8,train
output_0,5,{'output_0': 5},{0: 5},ttdf_17a2ddc2dd33,train
output_0,2,{'output_0': 2},{0: 2},ttdf_1cdd7c283176,train
output_0,3,{'output_0': 3},{0: 3},ttdf_ea8c5f94acb7,train
output_0,7,{'output_0': 7},{0: 7},ttdf_0001c0bc1f80,train
output_0,1,{'output_0': 1},{0: 1},ttdf_1a6e38f0369c,train
output_0,5,{'output_0': 5},{0: 5},ttdf_1a01c6d536a4,train
output_0,6,{'output_0': 6},{0: 6},ttdf_0d411ccb498c,train
output_0,5,{'output_0': 5},{0: 5},ttdf_a321a8fea7c6,train
output_0,2,{'output_0': 2},{0: 2},ttdf_227886ccefeb,train
output_0,1,{'output_0': 1},{0: 1},ttdf_04e494f5a70b,train
output_0,1,{'output_0': 1},{0: 1},ttdf_d286d593a710,train
output_0,2,{'output_0': 2},{0: 2},ttdf_262c686d2838,train
output_0,4,{'output_0': 4},{0: 4},ttdf_01c4b480c3d9,train
output_0,1,{'output_0': 1},{0: 1},ttdf_4fd7f3793225,train
output_0,1,{'output_0': 1},{0: 1},ttdf_325530f5c958,train
output_0,2,{'output_0': 2},{0: 2},ttdf_2bc38c9c4e20,train
output_0,3,{'output_0': 3},{0: 3},ttdf_3f0160b25ed5,train
output_0,2,{'output_0': 2},{0: 2},ttdf_699f3954362d,train
output_0,2,{'output_0': 2},{0: 2},ttdf_dab00e9a8e0b,train
output_0,2,{'output_0': 2},{0: 2},ttdf_1f203e751574,train
output_0,1,{'output_0': 1},{0: 1},ttdf_6816b7fc0b9c,train
output_0,3,{'output_0': 3},{0: 3},ttdf_c9fd563a2130,train
output_0,3,{'output_0': 3},{0: 3},ttdf_33305ee7e8a9,train
output_0,2,{'output_0': 2},{0: 2},ttdf_a3836effad43,train
output_0,1,{'output_0': 1},{0: 1},ttdf_14a8147546d7,train
output_0,1,{'output_0': 1},{0: 1},ttdf_5ab1d2b6b663,train
output_0,1,{'output_0': 1},{0: 1},ttdf_043985a8ce1c,train
output_0,3,{'output_0': 3},{0: 3},ttdf_303182f248e9,train
output_0,1,{'output_0': 1},{0: 1},ttdf_005efca1844f,train
output_0,4,{'output_0': 4},{0: 4},ttdf_3fb598048f3d,train
output_0,2,{'output_0': 2},{0: 2},ttdf_57b5548d9406,train
output_0,5,{'output_0': 5},{0: 5},ttdf_5234b52034e7,train
output_0,5,{'output_0': 5},{0: 5},ttdf_0612ae6230c8,train
output_0,1,{'output_0': 1},{0: 1},ttdf_3ab27f7a489e,train
output_0,1,{'output_0': 1},{0: 1},ttdf_02ffa6ab4799,train
output_0,2,{'output_0': 2},{0: 2},ttdf_0d64a00f5dbd,train
output_0,4,{'output_0': 4},{0: 4},ttdf_45503416c7e3,train
output_0,4,{'output_0': 4},{0: 4},ttdf_5ca8a1664d95,train
output_0,2,{'output_0': 2},{0: 2},ttdf_d898b08082c1,train
output_0,1,{'output_0': 1},{0: 1},ttdf_7452e3961ad2,train
output_0,5,{'output_0': 5},{0: 5},ttdf_00eea86dd3fb,train
output_0,1,{'output_0': 1},{0: 1},ttdf_424b15d64dbd,train
output_0,1,{'output_0': 1},{0: 1},ttdf_77a17198d6a2,train
output_0,1,{'output_0': 1},{0: 1},ttdf_1c5edf726d90,train
output_0,2,{'output_0': 2},{0: 2},ttdf_7ce7005320b7,train
output_0,5,{'output_0': 5},{0: 5},ttdf_8940ad9d46bf,train
output_0,5,{'output_0': 5},{0: 5},ttdf_001c7f87d8d1,train
output_0,1,{'output_0': 1},{0: 1},ttdf_5403047f1029,train
output_0,2,{'output_0': 2},{0: 2},ttdf_42dfe03aa03e,train
output_0,1,{'output_0': 1},{0: 1},ttdf_934faf8ba01c,train
output_0,7,{'output_0': 7},{0: 7},ttdf_83c35dcd6096,train
output_0,1,{'output_0': 1},{0: 1},ttdf_c48004ec37d3,train
output_0,2,{'output_0': 2},{0: 2},ttdf_6699e83d94fd,train
output_0,3,{'output_0': 3},{0: 3},ttdf_1691c4ac38d4,train
output_0,3,{'output_0': 3},{0: 3},ttdf_2c91c6df24d4,train
output_0,1,{'output_0': 1},{0: 1},ttdf_797de6038af8,train
output_0,5,{'output_0': 5},{0: 5},ttdf_17b15dbab77c,train
output_0,1,{'output_0': 1},{0: 1},ttdf_01c298009b82,train
output_0,6,{'output_0': 6},{0: 6},ttdf_119efa6f9fb7,train
output_0,7,{'output_0': 7},{0: 7},ttdf_12f3a73f71fc,train
output_0,4,{'output_0': 4},{0: 4},ttdf_3799eac59203,train
output_0,2,{'output_0': 2},{0: 2},ttdf_297b6a171cb4,train
output_0,4,{'output_0': 4},{0: 4},ttdf_dbca6ce17e9d,train
output_0,3,{'output_0': 3},{0: 3},ttdf_0770a215aedc,train
output_0,1,{'output_0': 1},{0: 1},ttdf_deae1f887c12,train
output_0,4,{'output_0': 4},{0: 4},ttdf_735f00969599,train
output_0,4,{'output_0': 4},{0: 4},ttdf_61719d1d9a53,train
output_0,6,{'output_0': 6},{0: 6},ttdf_0acb949c0b84,train
output_0,4,{'output_0': 4},{0: 4},ttdf_65e2342e8c96,train
output_0,3,{'output_0': 3},{0: 3},ttdf_5d4a18f14a8d,train
output_0,1,{'output_0': 1},{0: 1},ttdf_0ba4ae72e658,train
output_0,2,{'output_0': 2},{0: 2},ttdf_17671b0fdf34,train
output_0,1,{'output_0': 1},{0: 1},ttdf_1049e047f9b8,train
output_0,1,{'output_0': 1},{0: 1},ttdf_5c216c99a0bc,train
output_0,1,{'output_0': 1},{0: 1},ttdf_06c164ef0719,train
output_0,3,{'output_0': 3},{0: 3},ttdf_72a4ddab8909,train
output_0,3,{'output_0': 3},{0: 3},ttdf_48f8a8e09070,train
output_0,2,{'output_0': 2},{0: 2},ttdf_79b247cc2dfb,train
output_0,1,{'output_0': 1},{0: 1},ttdf_17d073e41e97,train
output_0,1,{'output_0': 1},{0: 1},ttdf_fe94a5e2dc42,train
output_0,3,{'output_0': 3},{0: 3},ttdf_f523384deaaa,train
output_0,2,{'output_0': 2},{0: 2},ttdf_bc033ff3550b,train
output_0,5,{'output_0': 5},{0: 5},ttdf_2a8ba9d8e1d3,train
output_0,1,{'output_0': 1},{0: 1},ttdf_b45a0be1f14a,train
output_0,3,{'output_0': 3},{0: 3},ttdf_bb161cd7a302,train
output_0,4,{'output_0': 4},{0: 4},ttdf_f1edfb73d1e7,train
output_0,6,{'output_0': 6},{0: 6},ttdf_9966934901e2,train
output_0,5,{'output_0': 5},{0: 5},ttdf_f0084b77cec7,train
output_0,2,{'output_0': 2},{0: 2},ttdf_3a6f2a53f095,train
output_0,7,{'output_0': 7},{0: 7},ttdf_c7e061423748,train
output_0,2,{'output_0': 2},{0: 2},ttdf_bd653f0dc52b,train
output_0,1,{'output_0': 1},{0: 1},ttdf_ceecb8410fe0,train
output_0,1,{'output_0': 1},{0: 1},ttdf_21faa94b557e,train
output_0,3,{'output_0': 3},{0: 3},ttdf_c57dc4e0751c,train
output_0,2,{'output_0': 2},{0: 2},ttdf_19b91e7a1afd,train
output_0,3,{'output_0': 3},{0: 3},ttdf_01cd93628e62,train
output_0,4,{'output_0': 4},{0: 4},ttdf_a966bd3a5396,train
output_0,5,{'output_0': 5},{0: 5},ttdf_a96e32435698,train
output_0,1,{'output_0': 1},{0: 1},ttdf_125e0e89b2a9,train
output_0,2,{'output_0': 2},{0: 2},ttdf_2186abc0c6f9,train
output_0,2,{'output_0': 2},{0: 2},ttdf_9236b2118b75,train
output_0,6,{'output_0': 6},{0: 6},ttdf_bf3e79d23b48,train
output_0,4,{'output_0': 4},{0: 4},ttdf_4712e1a2c4fb,train
output_0,1,{'output_0': 1},{0: 1},ttdf_e493f3f67ad3,train
output_0,1,{'output_0': 1},{0: 1},ttdf_6d5d2df8e87e,train
output_0,2,{'output_0': 2},{0: 2},ttdf_646939de45a4,train
output_0,4,{'output_0': 4},{0: 4},ttdf_27aa1ab40158,train
output_0,6,{'output_0': 6},{0: 6},ttdf_938c1776280b,train
output_0,3,{'output_0': 3},{0: 3},ttdf_343396db1300,train
output_0,1,{'output_0': 1},{0: 1},ttdf_3d41f12fc382,train
output_0,5,{'output_0': 5},{0: 5},ttdf_4f9a6db16101,train
output_0,1,{'output_0': 1},{0: 1},ttdf_2c958b881eb6,train
output_0,2,{'output_0': 2},{0: 2},ttdf_13647563f2d7,train
output_0,3,{'output_0': 3},{0: 3},ttdf_15feadc31a80,train
output_0,6,{'output_0': 6},{0: 6},ttdf_71260bf92acb,train
output_0,5,{'output_0': 5},{0: 5},ttdf_4a60967acf1e,train
output_0,3,{'output_0': 3},{0: 3},ttdf_11f761e72840,train
output_0,5,{'output_0': 5},{0: 5},ttdf_0567be690a63,train
output_0,3,{'output_0': 3},{0: 3},ttdf_954e0f107ebf,train
output_0,1,{'output_0': 1},{0: 1},ttdf_98bda79ab0d1,train
output_0,1,{'output_0': 1},{0: 1},ttdf_897a8ebc1b51,train
output_0,5,{'output_0': 5},{0: 5},ttdf_5832b7b98c41,train
output_0,1,{'output_0': 1},{0: 1},ttdf_2e28c94981d9,train
output_0,1,{'output_0': 1},{0: 1},ttdf_1a7d4c7d2e73,train
output_0,4,{'output_0': 4},{0: 4},ttdf_831d193c517d,train
output_0,3,{'output_0': 3},{0: 3},ttdf_004ceee60ac5,train
output_0,5,{'output_0': 5},{0: 5},ttdf_0575273c973e,train
output_0,4,{'output_0': 4},{0: 4},ttdf_2245fbf80cf8,train
output_0,2,{'output_0': 2},{0: 2},ttdf_1cc8cb9986f0,train
output_0,5,{'output_0': 5},{0: 5},ttdf_2c0fb7585a5f,train
output_0,4,{'output_0': 4},{0: 4},ttdf_f08af46ff06c,train
output_0,3,{'output_0': 3},{0: 3},ttdf_0a4579a55e3e,train
output_0,1,{'output_0': 1},{0: 1},ttdf_109a9a2eb248,train
output_0,1,{'output_0': 1},{0: 1},ttdf_ca1d484c9c96,train
output_0,1,{'output_0': 1},{0: 1},ttdf_272ce16153d2,train
output_0,1,{'output_0': 1},{0: 1},ttdf_3b4ca8df8340,train
output_0,2,{'output_0': 2},{0: 2},ttdf_4df65eb35420,train
output_0,4,{'output_0': 4},{0: 4},ttdf_fd9f15c86e82,train
output_0,5,{'output_0': 5},{0: 5},ttdf_5c9bfe7c5eeb,train
output_0,1,{'output_0': 1},{0: 1},ttdf_4fb15030a374,train
output_0,6,{'output_0': 6},{0: 6},ttdf_8db5901e0f81,train
output_0,3,{'output_0': 3},{0: 3},ttdf_4ba278446d22,train
output_0,1,{'output_0': 1},{0: 1},ttdf_1383b56ac315,train
output_0,7,{'output_0': 7},{0: 7},ttdf_450ce5ca6048,train
output_0,1,{'output_0': 1},{0: 1},ttdf_712be6a2b0d4,train
output_0,7,{'output_0': 7},{0: 7},ttdf_33c3736160e6,train
output_0,5,{'output_0': 5},{0: 5},ttdf_19a21384e2ba,train
output_0,5,{'output_0': 5},{0: 5},ttdf_f2e290f68a14,train
output_0,2,{'output_0': 2},{0: 2},ttdf_18bd5adee8cd,train
output_0,1,{'output_0': 1},{0: 1},ttdf_1146308536be,train
output_0,1,{'output_0': 1},{0: 1},ttdf_5583e9093f36,train
output_0,1,{'output_0': 1},{0: 1},ttdf_81ae16afa8a0,train
output_0,5,{'output_0': 5},{0: 5},ttdf_d97a77cb50c8,train
output_0,7,{'output_0': 7},{0: 7},ttdf_88db3bb9c110,train
output_0,2,{'output_0': 2},{0: 2},ttdf_b821df28975e,train
output_0,2,{'output_0': 2},{0: 2},ttdf_b11e0c22e08e,train
output_0,3,{'output_0': 3},{0: 3},ttdf_35655e0b2603,train
output_0,2,{'output_0': 2},{0: 2},ttdf_470d58b1d06f,train
output_0,2,{'output_0': 2},{0: 2},ttdf_6b36336b66ae,train
output_0,2,{'output_0': 2},{0: 2},ttdf_82703d6a0d7e,train
output_0,3,{'output_0': 3},{0: 3},ttdf_53bf21b903a7,train
output_0,5,{'output_0': 5},{0: 5},ttdf_07bf20b2416e,train
output_0,3,{'output_0': 3},{0: 3},ttdf_1bf6c5e23d34,train
output_0,4,{'output_0': 4},{0: 4},ttdf_a31e86877e4c,train
output_0,1,{'output_0': 1},{0: 1},ttdf_73596c9703cc,train
output_0,3,{'output_0': 3},{0: 3},ttdf_72bdb8dd4fbf,train
output_0,2,{'output_0': 2},{0: 2},ttdf_38b1f24fdba4,train
output_0,1,{'output_0': 1},{0: 1},ttdf_e3733a0bc54a,train
output_0,1,{'output_0': 1},{0: 1},ttdf_54eb0c0e425c,train
output_0,7,{'output_0': 7},{0: 7},ttdf_5f0209e88851,train
output_0,5,{'output_0': 5},{0: 5},ttdf_c02e6ca784a5,train
output_0,6,{'output_0': 6},{0: 6},ttdf_58f08c4edc40,train
output_0,4,{'output_0': 4},{0: 4},ttdf_3b2cc1a549da,train
output_0,1,{'output_0': 1},{0: 1},ttdf_1e61b3899278,train
output_0,6,{'output_0': 6},{0: 6},ttdf_58f71101b86b,train
output_0,2,{'output_0': 2},{0: 2},ttdf_9c6978bb26f3,train
output_0,1,{'output_0': 1},{0: 1},ttdf_cd4fb2c82b9a,train
output_0,4,{'output_0': 4},{0: 4},ttdf_04bb083de833,train
output_0,5,{'output_0': 5},{0: 5},ttdf_8e25a3c3d4b0,train
output_0,2,{'output_0': 2},{0: 2},ttdf_f6b902a8de54,train
output_0,1,{'output_0': 1},{0: 1},ttdf_0ce8913d0334,train
output_0,4,{'output_0': 4},{0: 4},ttdf_1784a7d130c4,train
output_0,5,{'output_0': 5},{0: 5},ttdf_7b8db9955d51,train
output_0,4,{'output_0': 4},{0: 4},ttdf_7c88aeaeb582,train
output_0,1,{'output_0': 1},{0: 1},ttdf_44b01616a487,train
output_0,5,{'output_0': 5},{0: 5},ttdf_209b1a2b8bb1,train
output_0,1,{'output_0': 1},{0: 1},ttdf_330334b5a8ee,train
output_0,7,{'output_0': 7},{0: 7},ttdf_093f5f1c7a5c,train
output_0,1,{'output_0': 1},{0: 1},ttdf_1fbbe1962989,train
output_0,2,{'output_0': 2},{0: 2},ttdf_a27ee767b260,train
output_0,3,{'output_0': 3},{0: 3},ttdf_67a6c973d4d7,train
output_0,3,{'output_0': 3},{0: 3},ttdf_28a45ed58282,train
output_0,6,{'output_0': 6},{0: 6},ttdf_46c52bed205e,train
output_0,4,{'output_0': 4},{0: 4},ttdf_a36a302e3a68,train
output_0,7,{'output_0': 7},{0: 7},ttdf_1703e497b2ae,train
output_0,3,{'output_0': 3},{0: 3},ttdf_67945aea207c,train
output_0,1,{'output_0': 1},{0: 1},ttdf_90db64712927,train
output_0,2,{'output_0': 2},{0: 2},ttdf_62046f3f6ffe,train
output_0,6,{'output_0': 6},{0: 6},ttdf_8a212faaa6ac,train
output_0,1,{'output_0': 1},{0: 1},ttdf_2d9eb714eff9,train
output_0,5,{'output_0': 5},{0: 5},ttdf_1d3da88ad525,train
output_0,1,{'output_0': 1},{0: 1},ttdf_85cd4058f920,train
output_0,1,{'output_0': 1},{0: 1},ttdf_cbe96d386138,train
output_0,3,{'output_0': 3},{0: 3},ttdf_4389b3ac4d29,train
output_0,4,{'output_0': 4},{0: 4},ttdf_2455995df85b,train
output_0,5,{'output_0': 5},{0: 5},ttdf_40fe0a0d5ab0,train
output_0,3,{'output_0': 3},{0: 3},ttdf_65c102e8ae6e,train
output_0,1,{'output_0': 1},{0: 1},ttdf_10a611963887,train
output_0,4,{'output_0': 4},{0: 4},ttdf_ddfa3474fa31,train
output_0,4,{'output_0': 4},{0: 4},ttdf_36b57efe7392,train
output_0,5,{'output_0': 5},{0: 5},ttdf_13e86a1c0b0a,train
output_0,1,{'output_0': 1},{0: 1},ttdf_b9c7c5612106,train
output_0,1,{'output_0': 1},{0: 1},ttdf_2ae133ee09f2,train
output_0,5,{'output_0': 5},{0: 5},ttdf_24d44636b99b,train
output_0,3,{'output_0': 3},{0: 3},ttdf_57d750445754,train
output_0,4,{'output_0': 4},{0: 4},ttdf_0347623425c6,train
output_0,1,{'output_0': 1},{0: 1},ttdf_179d52becd83,train
output_0,1,{'output_0': 1},{0: 1},ttdf_f64cb80ebd35,train
output_0,5,{'output_0': 5},{0: 5},ttdf_918a1b8e247c,train
output_0,1,{'output_0': 1},{0: 1},ttdf_f6fd02964091,train
output_0,5,{'output_0': 5},{0: 5},ttdf_2f3bdb3a35c1,train
output_0,1,{'output_0': 1},{0: 1},ttdf_36a216ba2999,train
output_0,5,{'output_0': 5},{0: 5},ttdf_9d77f3ed8fa3,train
output_0,1,{'output_0': 1},{0: 1},ttdf_07c691f0f0b6,train
output_0,1,{'output_0': 1},{0: 1},ttdf_b759f7cbfc86,train
output_0,3,{'output_0': 3},{0: 3},ttdf_3d16ba355ab3,train
output_0,7,{'output_0': 7},{0: 7},ttdf_78f37f8ffa01,train
output_0,4,{'output_0': 4},{0: 4},ttdf_9d9863ba2cb6,train
output_0,3,{'output_0': 3},{0: 3},ttdf_68ca1081ba07,train
output_0,5,{'output_0': 5},{0: 5},ttdf_73f8a9ff0c4b,train
output_0,2,{'output_0': 2},{0: 2},ttdf_7477d37d7cea,train
output_0,2,{'output_0': 2},{0: 2},ttdf_11520fc95946,train
output_0,1,{'output_0': 1},{0: 1},ttdf_133121788cd1,train
output_0,1,{'output_0': 1},{0: 1},ttdf_ce5a5d3e494a,train
output_0,4,{'output_0': 4},{0: 4},ttdf_43aa348514cb,train
output_0,1,{'output_0': 1},{0: 1},ttdf_ce63e45a9b47,train
output_0,5,{'output_0': 5},{0: 5},ttdf_4225616d0be4,train
output_0,3,{'output_0': 3},{0: 3},ttdf_447a55068eaf,train
output_0,2,{'output_0': 2},{0: 2},ttdf_d4e5b7bfafb4,train
output_0,1,{'output_0': 1},{0: 1},ttdf_d0ad5f3cd5b2,train
output_0,5,{'output_0': 5},{0: 5},ttdf_bc01a5b836d7,train
output_0,1,{'output_0': 1},{0: 1},ttdf_51e0bd1618d1,train
output_0,7,{'output_0': 7},{0: 7},ttdf_2fff9c093256,train
output_0,1,{'output_0': 1},{0: 1},ttdf_6ff7f34a1a92,train
output_0,1,{'output_0': 1},{0: 1},ttdf_2d41b2830490,train
output_0,1,{'output_0': 1},{0: 1},ttdf_21cfed40077b,train
output_0,2,{'output_0': 2},{0: 2},ttdf_5819997e10dd,train
output_0,5,{'output_0': 5},{0: 5},ttdf_9305a91f7974,train
output_0,1,{'output_0': 1},{0: 1},ttdf_4f189e16b6c4,train
output_0,6,{'output_0': 6},{0: 6},ttdf_09c234dedf78,train
output_0,1,{'output_0': 1},{0: 1},ttdf_870447e2fbbb,train
output_0,2,{'output_0': 2},{0: 2},ttdf_dea07c219f91,train
output_0,1,{'output_0': 1},{0: 1},ttdf_4e9b666b04f9,train
output_0,5,{'output_0': 5},{0: 5},ttdf_7906faca4767,train
output_0,1,{'output_0': 1},{0: 1},ttdf_3f52a534866d,train
output_0,5,{'output_0': 5},{0: 5},ttdf_3c21e6ec77fd,train
output_0,1,{'output_0': 1},{0: 1},ttdf_178a8a0f527a,train
output_0,4,{'output_0': 4},{0: 4},ttdf_0076850744b5,train
output_0,1,{'output_0': 1},{0: 1},ttdf_6eeb168023b3,train
output_0,4,{'output_0': 4},{0: 4},ttdf_237b68177ba3,train
output_0,2,{'output_0': 2},{0: 2},ttdf_7d383d22fb7a,train
output_0,6,{'output_0': 6},{0: 6},ttdf_0d1187dec051,train
output_0,7,{'output_0': 7},{0: 7},ttdf_402bd1a656a3,train
output_0,3,{'output_0': 3},{0: 3},ttdf_5d102b7a07ae,train
output_0,2,{'output_0': 2},{0: 2},ttdf_f0f0ba9dbcf0,train
output_0,2,{'output_0': 2},{0: 2},ttdf_07bb132c3f89,train
output_0,4,{'output_0': 4},{0: 4},ttdf_6d13bfbfea76,train
output_0,6,{'output_0': 6},{0: 6},ttdf_8c5f45c418c2,train
output_0,6,{'output_0': 6},{0: 6},ttdf_2da965f88f51,train
output_0,2,{'output_0': 2},{0: 2},ttdf_4dc6b4c3c8fe,train
output_0,5,{'output_0': 5},{0: 5},ttdf_12ad41675137,train
output_0,1,{'output_0': 1},{0: 1},ttdf_14c55897ced2,train
output_0,4,{'output_0': 4},{0: 4},ttdf_08e351ce7ae4,train
output_0,4,{'output_0': 4},{0: 4},ttdf_14426040da3f,train
output_0,3,{'output_0': 3},{0: 3},ttdf_33448ead7831,train
output_0,3,{'output_0': 3},{0: 3},ttdf_68476bac3a4a,train
output_0,7,{'output_0': 7},{0: 7},ttdf_4bf9490a9e1e,train
output_0,2,{'output_0': 2},{0: 2},ttdf_1bc5eff582f7,train
output_0,5,{'output_0': 5},{0: 5},ttdf_5c1811f269c9,train
output_0,2,{'output_0': 2},{0: 2},ttdf_1f212f9fa3ec,train
output_0,3,{'output_0': 3},{0: 3},ttdf_59bbfae44744,train
output_0,1,{'output_0': 1},{0: 1},ttdf_dafc1b2ddacc,train
output_0,3,{'output_0': 3},{0: 3},ttdf_688d7095b683,train
output_0,6,{'output_0': 6},{0: 6},ttdf_0ab6884887d7,train
output_0,4,{'output_0': 4},{0: 4},ttdf_b56b10b09351,train
output_0,3,{'output_0': 3},{0: 3},ttdf_413e32a015a3,train
output_0,2,{'output_0': 2},{0: 2},ttdf_c9ebea5ad6df,train
output_0,5,{'output_0': 5},{0: 5},ttdf_4c52ea3c35bd,train
output_0,1,{'output_0': 1},{0: 1},ttdf_917a92259041,train
output_0,2,{'output_0': 2},{0: 2},ttdf_49957a70aa3d,train
output_0,1,{'output_0': 1},{0: 1},ttdf_49e0ce4e827d,train
output_0,6,{'output_0': 6},{0: 6},ttdf_35a57fb64494,train
output_0,1,{'output_0': 1},{0: 1},ttdf_0a363f4ef90e,train
output_0,6,{'output_0': 6},{0: 6},ttdf_06baa6056f11,train
output_0,4,{'output_0': 4},{0: 4},ttdf_03e3390fc795,train
output_0,2,{'output_0': 2},{0: 2},ttdf_09d008752f08,train
output_0,1,{'output_0': 1},{0: 1},ttdf_208d8d90510f,train
output_0,2,{'output_0': 2},{0: 2},ttdf_7ac297142d16,train
output_0,3,{'output_0': 3},{0: 3},ttdf_666553ac6372,train
output_0,1,{'output_0': 1},{0: 1},ttdf_045f760dd7ad,train
output_0,1,{'output_0': 1},{0: 1},ttdf_112bf538ada9,train
output_0,5,{'output_0': 5},{0: 5},ttdf_7e0e78b4893f,train
output_0,7,{'output_0': 7},{0: 7},ttdf_23ccce1f1219,train
output_0,2,{'output_0': 2},{0: 2},ttdf_f6fe1677dd18,train
output_0,1,{'output_0': 1},{0: 1},ttdf_8e8829f68f1e,train
output_0,1,{'output_0': 1},{0: 1},ttdf_97529c496948,train
output_0,1,{'output_0': 1},{0: 1},ttdf_50f248e6216d,train
output_0,1,{'output_0': 1},{0: 1},ttdf_67fec3daca47,train
output_0,6,{'output_0': 6},{0: 6},ttdf_22ee64ace467,train
output_0,4,{'output_0': 4},{0: 4},ttdf_710e1c560478,train
output_0,4,{'output_0': 4},{0: 4},ttdf_48b093ad9f09,train
output_0,1,{'output_0': 1},{0: 1},ttdf_f4b8a5e5e552,train
output_0,4,{'output_0': 4},{0: 4},ttdf_f2a7698941eb,train
output_0,4,{'output_0': 4},{0: 4},ttdf_685b756fbdd3,train
output_0,1,{'output_0': 1},{0: 1},ttdf_8f43c8661447,train
output_0,2,{'output_0': 2},{0: 2},ttdf_e5021edcbcdb,train
output_0,1,{'output_0': 1},{0: 1},ttdf_6a084b020415,train
output_0,4,{'output_0': 4},{0: 4},ttdf_7aabb679c11f,train
output_0,1,{'output_0': 1},{0: 1},ttdf_2537c818df85,train
output_0,5,{'output_0': 5},{0: 5},ttdf_b1ae05ca3914,train
output_0,7,{'output_0': 7},{0: 7},ttdf_0544aaee4722,train
output_0,2,{'output_0': 2},{0: 2},ttdf_15ed3b826bb6,train
output_0,2,{'output_0': 2},{0: 2},ttdf_30f0bb5f9fd4,train
output_0,5,{'output_0': 5},{0: 5},ttdf_06bbbfa6f18b,train
output_0,4,{'output_0': 4},{0: 4},ttdf_154a1f363756,train
output_0,2,{'output_0': 2},{0: 2},ttdf_5f4dcc5a6695,train
output_0,1,{'output_0': 1},{0: 1},ttdf_4dac06c53ffc,train
output_0,6,{'output_0': 6},{0: 6},ttdf_01346ea692ff,train
output_0,4,{'output_0': 4},{0: 4},ttdf_d53dcb70fcfc,train
output_0,2,{'output_0': 2},{0: 2},ttdf_0452b1fd61b6,train
output_0,1,{'output_0': 1},{0: 1},ttdf_7274a454727a,train
output_0,1,{'output_0': 1},{0: 1},ttdf_2143160d07e5,train
output_0,5,{'output_0': 5},{0: 5},ttdf_fbce9fc6dfb7,train
output_0,1,{'output_0': 1},{0: 1},ttdf_0e23839e393f,train
output_0,5,{'output_0': 5},{0: 5},ttdf_4e6c717cea9d,train
output_0,1,{'output_0': 1},{0: 1},ttdf_3addaefa4e6e,train
output_0,7,{'output_0': 7},{0: 7},ttdf_00928364a3c0,train
output_0,1,{'output_0': 1},{0: 1},ttdf_1071c2f79582,train
output_0,5,{'output_0': 5},{0: 5},ttdf_1316b84679bc,train
output_0,2,{'output_0': 2},{0: 2},ttdf_0fc896897f84,train
output_0,1,{'output_0': 1},{0: 1},ttdf_036f095b0568,train
output_0,2,{'output_0': 2},{0: 2},ttdf_b50403cc8e20,train
output_0,1,{'output_0': 1},{0: 1},ttdf_7a000576dfd2,train
output_0,2,{'output_0': 2},{0: 2},ttdf_9cb7e7824073,train
output_0,2,{'output_0': 2},{0: 2},ttdf_102b350308ae,train
output_0,5,{'output_0': 5},{0: 5},ttdf_99ac6500d0cb,train
output_0,5,{'output_0': 5},{0: 5},ttdf_0af61d273c81,train
output_0,1,{'output_0': 1},{0: 1},ttdf_6f8c0f3fb0a4,train
output_0,3,{'output_0': 3},{0: 3},ttdf_28f32cd4d522,train
output_0,1,{'output_0': 1},{0: 1},ttdf_51b56b461dcc,train
output_0,4,{'output_0': 4},{0: 4},ttdf_2f3e8bbeba64,train
output_0,4,{'output_0': 4},{0: 4},ttdf_1a88bb031c2e,train
output_0,1,{'output_0': 1},{0: 1},ttdf_b8a6df514d9a,train
output_0,6,{'output_0': 6},{0: 6},ttdf_408fac8e50e0,train
output_0,3,{'output_0': 3},{0: 3},ttdf_fb9f8138963f,train
output_0,1,{'output_0': 1},{0: 1},ttdf_219e10996f74,train
output_0,4,{'output_0': 4},{0: 4},ttdf_732ffa44ea03,train
output_0,5,{'output_0': 5},{0: 5},ttdf_4dd3d4ca918b,train
output_0,3,{'output_0': 3},{0: 3},ttdf_9608810991a9,train
output_0,1,{'output_0': 1},{0: 1},ttdf_415f443311b4,train
output_0,7,{'output_0': 7},{0: 7},ttdf_2625f0f78a47,train
output_0,1,{'output_0': 1},{0: 1},ttdf_15b13550bf04,train
output_0,6,{'output_0': 6},{0: 6},ttdf_bb1466f2c811,train
output_0,1,{'output_0': 1},{0: 1},ttdf_51dd1d6dfb23,train
output_0,5,{'output_0': 5},{0: 5},ttdf_64301d42f0c4,train
output_0,7,{'output_0': 7},{0: 7},ttdf_6f4b719b7203,train
output_0,2,{'output_0': 2},{0: 2},ttdf_6ace1d0563c6,train
output_0,1,{'output_0': 1},{0: 1},ttdf_5cf310c39122,train
output_0,2,{'output_0': 2},{0: 2},ttdf_2beb005f756f,train
output_0,1,{'output_0': 1},{0: 1},ttdf_0f3578f1cc38,train
output_0,4,{'output_0': 4},{0: 4},ttdf_9eda2e447265,train
output_0,2,{'output_0': 2},{0: 2},ttdf_2571e64ff272,train
output_0,1,{'output_0': 1},{0: 1},ttdf_5787e1b2af97,train
output_0,3,{'output_0': 3},{0: 3},ttdf_429bce9f89b4,train
output_0,2,{'output_0': 2},{0: 2},ttdf_258c3a348e60,train
output_0,3,{'output_0': 3},{0: 3},ttdf_f6b2887c6919,train
output_0,1,{'output_0': 1},{0: 1},ttdf_709a6c29cef8,train
output_0,1,{'output_0': 1},{0: 1},ttdf_8ccd3ba707ff,train
output_0,4,{'output_0': 4},{0: 4},ttdf_7311c2092a1b,train
output_0,4,{'output_0': 4},{0: 4},ttdf_6e14e31e9579,train
output_0,4,{'output_0': 4},{0: 4},ttdf_1fc3c26d0969,train
output_0,3,{'output_0': 3},{0: 3},ttdf_7289057ea06e,train
output_0,2,{'output_0': 2},{0: 2},ttdf_416fbd6e271a,train
output_0,5,{'output_0': 5},{0: 5},ttdf_0d05fae64d5b,train
output_0,4,{'output_0': 4},{0: 4},ttdf_572dcb188751,train
output_0,6,{'output_0': 6},{0: 6},ttdf_39ac429b179f,train
output_0,2,{'output_0': 2},{0: 2},ttdf_78f7bd06a66f,train
output_0,3,{'output_0': 3},{0: 3},ttdf_2533314eefc3,train
output_0,1,{'output_0': 1},{0: 1},ttdf_6a85be2db1d9,train
output_0,7,{'output_0': 7},{0: 7},ttdf_b900bb2f1033,train
output_0,6,{'output_0': 6},{0: 6},ttdf_4044955af159,train
output_0,6,{'output_0': 6},{0: 6},ttdf_6551d6cca40e,train
output_0,1,{'output_0': 1},{0: 1},ttdf_8255f00ac007,train
output_0,6,{'output_0': 6},{0: 6},ttdf_106079237341,train
output_0,4,{'output_0': 4},{0: 4},ttdf_1f9dbc90cbc5,train
output_0,2,{'output_0': 2},{0: 2},ttdf_7d752789faa8,train
output_0,7,{'output_0': 7},{0: 7},ttdf_1717fe795813,train
output_0,1,{'output_0': 1},{0: 1},ttdf_731a2a977eec,train
output_0,3,{'output_0': 3},{0: 3},ttdf_3b7bcd984726,train
output_0,2,{'output_0': 2},{0: 2},ttdf_369f920c5f6d,train
output_0,3,{'output_0': 3},{0: 3},ttdf_2149efb92e7e,train
output_0,1,{'output_0': 1},{0: 1},ttdf_71beed1dd4e9,train
output_0,1,{'output_0': 1},{0: 1},ttdf_82a29afd210d,train
output_0,2,{'output_0': 2},{0: 2},ttdf_465911f1b277,train
output_0,2,{'output_0': 2},{0: 2},ttdf_8e16dda3615e,train
output_0,2,{'output_0': 2},{0: 2},ttdf_a6e8cb98422e,train
output_0,2,{'output_0': 2},{0: 2},ttdf_a4421b7e7790,train
output_0,1,{'output_0': 1},{0: 1},ttdf_19d4ef4b4aa3,train
output_0,1,{'output_0': 1},{0: 1},ttdf_2c0a7cae2e35,train
output_0,5,{'output_0': 5},{0: 5},ttdf_66dfb9598de3,train
output_0,4,{'output_0': 4},{0: 4},ttdf_054080797cf0,train
output_0,4,{'output_0': 4},{0: 4},ttdf_19e4c1441f45,train
output_0,3,{'output_0': 3},{0: 3},ttdf_756af6f3e424,train
output_0,2,{'output_0': 2},{0: 2},ttdf_2e44c0fd7518,train
output_0,5,{'output_0': 5},{0: 5},ttdf_2416d321d9dc,train
output_0,4,{'output_0': 4},{0: 4},ttdf_bfc8d4579c00,train
output_0,5,{'output_0': 5},{0: 5},ttdf_c46a009b05b5,train
output_0,5,{'output_0': 5},{0: 5},ttdf_1366f3d0cc68,train
output_0,2,{'output_0': 2},{0: 2},ttdf_b5a3d8565618,train
output_0,7,{'output_0': 7},{0: 7},ttdf_a8c5563d13cb,train
output_0,1,{'output_0': 1},{0: 1},ttdf_c20996fb9b18,train
output_0,1,{'output_0': 1},{0: 1},ttdf_96493871cda0,train
output_0,1,{'output_0': 1},{0: 1},ttdf_6fd76deaf2ef,train
output_0,1,{'output_0': 1},{0: 1},ttdf_59047a0cadb3,train
output_0,2,{'output_0': 2},{0: 2},ttdf_2a5ef0a73c01,train
output_0,1,{'output_0': 1},{0: 1},ttdf_9ca1a7f6ece3,train
output_0,7,{'output_0': 7},{0: 7},ttdf_1f874f2db026,train
output_0,7,{'output_0': 7},{0: 7},ttdf_ccbf5884626c,train
output_0,2,{'output_0': 2},{0: 2},ttdf_bee6f9d9d126,train
output_0,1,{'output_0': 1},{0: 1},ttdf_bf50584d2761,train
output_0,1,{'output_0': 1},{0: 1},ttdf_0b600a80dfa6,train
output_0,2,{'output_0': 2},{0: 2},ttdf_3f9da81e78be,train
output_0,4,{'output_0': 4},{0: 4},ttdf_33820d4ecd0d,train
output_0,1,{'output_0': 1},{0: 1},ttdf_424f7d64ac98,train
output_0,2,{'output_0': 2},{0: 2},ttdf_1a1c19a1a727,train
output_0,5,{'output_0': 5},{0: 5},ttdf_e285d887c8bb,train
output_0,2,{'output_0': 2},{0: 2},ttdf_19f9e9aa46b1,train
output_0,5,{'output_0': 5},{0: 5},ttdf_abdfa7d0bdfa,train
output_0,2,{'output_0': 2},{0: 2},ttdf_43381ee28a12,train
output_0,1,{'output_0': 1},{0: 1},ttdf_2c64e7e8778b,train
output_0,4,{'output_0': 4},{0: 4},ttdf_7632b1c26e76,train
output_0,2,{'output_0': 2},{0: 2},ttdf_0982b2624c98,train
output_0,5,{'output_0': 5},{0: 5},ttdf_2af211890b32,train
output_0,1,{'output_0': 1},{0: 1},ttdf_4cca69489d98,train
output_0,1,{'output_0': 1},{0: 1},ttdf_4d8845d5e04b,train
output_0,3,{'output_0': 3},{0: 3},ttdf_f28dfa38e566,train
result,2,{'result': 2},{0: 2},000b6bed-2a29-4199-a359-0e107922a1ff,diagnostic
output_0,1,{'output_0': 1},{0: 1},01e1c208-31dc-4ae6-89ae-da9efb73c7e3,diagnostic
result,4,{'result': 4},{0: 4},0214b225-23ae-4a8f-bb93-8fbaec94831c,diagnostic
output_0,1,{'output_0': 1},{0: 1},0219f9a1-ced9-4e6d-9b99-1570e1178b66,diagnostic
result,3,{'result': 3},{0: 3},037ab7a7-2503-4a04-9bde-f2d81c184790,diagnostic
result,1,{'result': 1},{0: 1},038f3d86-b97b-49e6-b878-1b80c73fb744,diagnostic
result,1,{'result': 1},{0: 1},047fb639-ca36-4a73-9407-507b8c3b4c5d,diagnostic
result,2,{'result': 2},{0: 2},04bd68f8-3e77-4cda-b43f-c42616d95d33,diagnostic
result,6,{'result': 6},{0: 6},04d81d58-98bf-4665-87aa-6eed765ce6f0,diagnostic
result,1,{'result': 1},{0: 1},05b1bdbd-de3f-4773-b867-990b6006aef2,diagnostic
result,3,{'result': 3},{0: 3},05ec87ae-0659-42c3-82e8-a0645c4a70df,diagnostic
output_0,1,{'output_0': 1},{0: 1},06706b83-4657-4e2c-b372-af1d826f1b6e,diagnostic
result,35,{'result': 35},{0: 35},07df2ad6-7ac0-4c6a-b79a-0b02782d0235,diagnostic
result,4,{'result': 4},{0: 4},081ad64a-4bb8-4a0c-b2df-c21b7bc8cc35,diagnostic
output_0,1,{'output_0': 1},{0: 1},091b5d2a-206a-4ac4-81df-754ec6393b92,diagnostic
result,4,{'result': 4},{0: 4},0a126d0d-6cfc-4370-b0e1-765cae294529,diagnostic
result,3,{'result': 3},{0: 3},0a78c579-29ef-4c96-918c-e8df417194dc,diagnostic
result,3,{'result': 3},{0: 3},0af2696a-9970-4e55-ad31-57e14ca65f20,diagnostic
result,2,{'result': 2},{0: 2},0b84b61f-8ee3-443f-a2f6-120462682951,diagnostic
result,3,{'result': 3},{0: 3},0b8c39be-fcda-4d8c-b2d9-710a48d8d955,diagnostic
result,4,{'result': 4},{0: 4},0baca5f1-6810-42b0-a9b4-051f76316bf1,diagnostic
output_0,1,{'output_0': 1},{0: 1},0bb06ff9-8b0e-4eba-ae38-7dbab0ccc741,diagnostic
result,1,{'result': 1},{0: 1},0c3f5a6d-1aec-4d52-9310-c0e0ab651fef,diagnostic
result,1,{'result': 1},{0: 1},0c5881b2-9556-42dd-8922-00d35a26becd,diagnostic
output_0,1,{'output_0': 1},{0: 1},0cea3214-8bbb-443a-943e-de9038f8b5f9,diagnostic
output_0,1,{'output_0': 1},{0: 1},0d77d7ab-46ff-419f-882f-a34511651f6a,diagnostic
result,3,{'result': 3},{0: 3},0e370f74-67af-4218-a65f-8f39d4562c48,diagnostic
result,10,{'result': 10},{0: 10},0edcb8a5-990e-4830-b55e-f920ac2ec474,diagnostic
result,2,{'result': 2},{0: 2},0ef8ad41-e5ac-47dc-bc73-3ff7e647aa7e,diagnostic
output_0,1,{'output_0': 1},{0: 1},0f0a365f-d57e-4682-891b-b43b9d244d33,diagnostic
result,3,{'result': 3},{0: 3},0f1d3aca-4e40-45a9-b1e8-9ef76e1e1cd2,diagnostic
result,4,{'result': 4},{0: 4},0f4234c1-7508-46d2-85b3-6f659be4a9e5,diagnostic
result,4,{'result': 4},{0: 4},0fcd0f80-2059-4e14-ba8f-04a89cb13ec8,diagnostic
result,2,{'result': 2},{0: 2},100cb8c9-03ec-428f-ad0c-75e2fc296aaa,diagnostic
result,2,{'result': 2},{0: 2},10994d45-1097-43fa-965c-6cbdd1f7a2a0,diagnostic
result,3,{'result': 3},{0: 3},115e0164-7c78-42bc-9fd9-9ef06892325b,diagnostic
result,18,{'result': 18},{0: 18},1163aa42-d931-4ae3-a9af-3800e1200319,diagnostic
result,5,{'result': 5},{0: 5},123ce206-69a4-4901-93c1-ec1089eb8660,diagnostic
result,4,{'result': 4},{0: 4},127a6fdd-24ca-4bfb-841c-3e1d9605dc1e,diagnostic
result,4,{'result': 4},{0: 4},12b16d2a-7804-4be3-b278-86320411678e,diagnostic
result,7,{'result': 7},{0: 7},12dc2f74-7b39-4722-a840-bca49488c27e,diagnostic
result,2,{'result': 2},{0: 2},1310e585-1996-4df5-93f4-9f0b5a0838fd,diagnostic
result,4,{'result': 4},{0: 4},139b3427-bcac-4e67-aa20-de8bd3ad996b,diagnostic
result,1,{'result': 1},{0: 1},13cbad3d-d768-4d4d-bfce-542b6af4c28c,diagnostic
result,1,{'result': 1},{0: 1},141c02ac-0e10-4b84-8fee-d2c6d9878ff1,diagnostic
result,3,{'result': 3},{0: 3},147ffda7-4f8d-49e7-b4d7-799e4e43d10a,diagnostic
output_0,1,{'output_0': 1},{0: 1},14dcf34c-1e76-4163-ae1e-b5d073ab2e30,diagnostic
result,3,{'result': 3},{0: 3},15475c99-4877-45c2-acb6-82b1b8fda842,diagnostic
result,4,{'result': 4},{0: 4},15c44ed2-3566-4319-b273-97c4c86fee73,diagnostic
result,3,{'result': 3},{0: 3},162bc9d2-4ec9-4bed-9e0b-4e9353dd8a93,diagnostic
result,4,{'result': 4},{0: 4},168257a8-a944-4dbc-8ae6-9b183edb9018,diagnostic
result,5,{'result': 5},{0: 5},1687e9c2-fcd0-43f9-9cd4-ffbcdb497c48,diagnostic
result,1,{'result': 1},{0: 1},1717147f-edc7-419b-9f2d-5f7fd6e2314b,diagnostic
result,4,{'result': 4},{0: 4},174a02ed-7ae5-4508-9754-d9408a886790,diagnostic
result,4,{'result': 4},{0: 4},1810cf06-7295-4bcb-aafb-ae1e0b6244cf,diagnostic
result,7,{'result': 7},{0: 7},185a7140-1b85-41cf-bcf2-ae8025282e07,diagnostic
output_0,1,{'output_0': 1},{0: 1},18c1e7de-838f-402c-b0eb-92740963761e,diagnostic
result,2,{'result': 2},{0: 2},18f2119a-53e9-4e04-bd1a-2b88f2e68919,diagnostic
result,8,{'result': 8},{0: 8},19dd3e9b-c499-4369-a5ba-c81c8c76f165,diagnostic
output_0,1,{'output_0': 1},{0: 1},1a23d01d-1bf7-4680-bcfc-784c194f031c,diagnostic
result,3,{'result': 3},{0: 3},1a95ac9a-3832-4f34-9b24-c5b7f210d666,diagnostic
result,4,{'result': 4},{0: 4},1b676365-4461-4b1a-b034-1e3f7906cb26,diagnostic
result,2,{'result': 2},{0: 2},1c055a2e-5491-46d7-aa89-b52d6c44c2d4,diagnostic
output_0,1,{'output_0': 1},{0: 1},1c5f421d-82a1-41ee-82f1-44efc7f013ff,diagnostic
result,3,{'result': 3},{0: 3},1d7544df-ed8c-43e9-abb0-f7bc6228e485,diagnostic
result,1,{'result': 1},{0: 1},1dcdbf2f-b7ae-4293-ba08-46491c9a32eb,diagnostic
result,4,{'result': 4},{0: 4},1ddeac74-83ee-4119-9100-83133001b0f5,diagnostic
result,4,{'result': 4},{0: 4},1ed76362-d447-432f-8693-6b77e9b03e61,diagnostic
result,4,{'result': 4},{0: 4},1fdcc183-f3ca-49ca-b7d9-2a8466034136,diagnostic
result,4,{'result': 4},{0: 4},1ff34864-aaf4-45ad-9132-b96cc6de3c63,diagnostic
result,4,{'result': 4},{0: 4},203ee03e-405f-4fed-9322-30d5b03a0364,diagnostic
result,3,{'result': 3},{0: 3},2074df88-ff97-47f7-824b-f0dea1f34aa8,diagnostic
result,3,{'result': 3},{0: 3},2092563a-202f-4984-b18b-d971f42a0f6e,diagnostic
result,7,{'result': 7},{0: 7},2137514c-b124-42a1-a902-7b903792d2c7,diagnostic
output_0,1,{'output_0': 1},{0: 1},2140a918-5ea0-4afb-bf9c-a6eaf5f74a1e,diagnostic
result,3,{'result': 3},{0: 3},215a654f-549a-47c1-b1ce-772fc2910045,diagnostic
result,2,{'result': 2},{0: 2},21611a3d-1312-4ca5-a55d-53ac907b8b95,diagnostic
output_0,1,{'output_0': 1},{0: 1},21d13279-bf86-4ffe-92fd-c65f65389f43,diagnostic
result,2,{'result': 2},{0: 2},22040b6d-3b03-4762-a3bb-9688fac0fd97,diagnostic
result,2,{'result': 2},{0: 2},22e261c5-6873-4bf8-9ad4-59bb993bed31,diagnostic
result,4,{'result': 4},{0: 4},236b5116-b02d-45f2-9a4e-18c83a35e11b,diagnostic
result,3,{'result': 3},{0: 3},23fb2017-6788-4dc2-a28a-403c6b473adb,diagnostic
result,3,{'result': 3},{0: 3},24a1101f-819c-4ca7-a4e4-e7dee741c4f6,diagnostic
output_0,1,{'output_0': 1},{0: 1},24ae4dc9-6d14-426d-8a74-b148e2546e4d,diagnostic
result,3,{'result': 3},{0: 3},25558ef9-4c6d-4de8-b3a4-a1f4bf6eb7b9,diagnostic
result,2,{'result': 2},{0: 2},25632e5c-db71-4cc7-a47b-b41c35a1d514,diagnostic
result,3,{'result': 3},{0: 3},2570300a-af5a-4e4c-baa7-a5da634ac67c,diagnostic
output_0,1,{'output_0': 1},{0: 1},266ec704-de4a-42a9-b0fe-5bded7b4ed40,diagnostic
result,2,{'result': 2},{0: 2},27468e82-a565-4ac8-861b-13a7170839e9,diagnostic
result,3,{'result': 3},{0: 3},2829663a-a30b-420d-a777-ba7c289924c8,diagnostic
result,5,{'result': 5},{0: 5},2866f717-aa3b-44b8-b672-a0593d2207a3,diagnostic
result,3,{'result': 3},{0: 3},28cc5dca-3281-4afc-949b-f41784c210a4,diagnostic
result,1,{'result': 1},{0: 1},2a22dbc6-0db5-454d-9f51-08ae20dc6d47,diagnostic
result,3,{'result': 3},{0: 3},2b2c1931-a5c2-44a9-8283-08a4067256c2,diagnostic
result,4,{'result': 4},{0: 4},2b51319c-9997-4760-9111-50cec120c41c,diagnostic
result,3,{'result': 3},{0: 3},2b820d2a-4e43-433b-939c-69e6e8719c57,diagnostic
output_0,1,{'output_0': 1},{0: 1},2b837d55-e28b-4101-aba9-0f5bb4a2bfdf,diagnostic
output_0,1,{'output_0': 1},{0: 1},2bb28af9-3cd9-4287-bfe3-c43b74cc6675,diagnostic
result,3,{'result': 3},{0: 3},2c4dad3c-1c93-456b-a172-846d887fe793,diagnostic
result,2,{'result': 2},{0: 2},2c787f80-62fe-4cd5-8205-930bb711b22a,diagnostic
result,2,{'result': 2},{0: 2},2d151251-59a4-4470-a5ce-2b961771cce9,diagnostic
result,4,{'result': 4},{0: 4},2d87c2a9-119e-4dca-a137-bad72526368e,diagnostic
result,4,{'result': 4},{0: 4},2de63c8e-4a0e-418c-a608-998e6157ba44,diagnostic
result,2,{'result': 2},{0: 2},2e458b03-c3d8-4794-8fc6-25f505ecbdc1,diagnostic
result,52,{'result': 52},{0: 52},2e70b1d4-a123-4c7a-b4a7-3e31ac5cb464,diagnostic
result,4,{'result': 4},{0: 4},2e76a708-23a4-4091-bbd5-1ac893b3f389,diagnostic
result,7,{'result': 7},{0: 7},2effd81d-6cc7-4291-a06f-ad803a993312,diagnostic
result,11,{'result': 11},{0: 11},2fda8d65-cacf-41a7-ac58-3f96be3fdc8b,diagnostic
result,14,{'result': 14},{0: 14},30559c69-6370-4eb4-82e8-724968e008b3,diagnostic
output_0,1,{'output_0': 1},{0: 1},309caad0-09b3-4ebf-8ea8-2456d45ec64c,diagnostic
result,3,{'result': 3},{0: 3},3129f9c0-c62b-4e2e-a3a5-11e8398b8403,diagnostic
output_0,1,{'output_0': 1},{0: 1},3171c089-3152-48db-90be-f576f555dfd6,diagnostic
result,3,{'result': 3},{0: 3},320629df-4548-4c22-984d-6ca08f47f331,diagnostic
result,4,{'result': 4},{0: 4},32881593-1d74-40fd-9d4e-9ea812030a17,diagnostic
result,4,{'result': 4},{0: 4},335daef0-edbe-4bb7-ae22-e68e0d60c81d,diagnostic
result,3,{'result': 3},{0: 3},338fc6ec-f0b9-4659-8fad-cffa199b9b14,diagnostic
result,4,{'result': 4},{0: 4},35adf4ad-dada-47dd-8c92-1af9100d6a8a,diagnostic
result,3,{'result': 3},{0: 3},35fc7be7-e78c-4c96-9cf6-a78a9b542ffe,diagnostic
result,1,{'result': 1},{0: 1},368861a1-8382-4f9e-8574-1f9d7ad05f3e,diagnostic
result,7,{'result': 7},{0: 7},36ac0316-5e89-40e1-b85a-3dfc02daf78e,diagnostic
result,3,{'result': 3},{0: 3},36ba10c3-3023-4b26-b449-84787b535d77,diagnostic
result,3,{'result': 3},{0: 3},370cba6c-f86f-4d80-a269-2c26578acd1a,diagnostic
result,1,{'result': 1},{0: 1},383d4437-b8f5-42dc-b2f9-ccb05d1c595d,diagnostic
result,2,{'result': 2},{0: 2},38e7c22f-c209-4f49-8bbd-08bc3cb08203,diagnostic
result,2,{'result': 2},{0: 2},3a4b7b77-f0a1-4537-8623-432023f545bb,diagnostic
result,3,{'result': 3},{0: 3},3b98a2de-9a2c-46d8-8a0a-3bdb46a33559,diagnostic
result,2,{'result': 2},{0: 2},3baf684d-f14a-4696-b90f-0191b1df884b,diagnostic
output_0,1,{'output_0': 1},{0: 1},3ca6bc7f-564f-40d0-ac57-c818298f26d5,diagnostic
result,3,{'result': 3},{0: 3},3ccc5de6-a0ef-4ef2-90b5-bd9bbf562ec1,diagnostic
result,3,{'result': 3},{0: 3},3dc09ed5-bf3e-4aaf-827b-597690c8b7c5,diagnostic
result,3,{'result': 3},{0: 3},3df11343-0943-44cd-9caa-7191dea7d6be,diagnostic
result,5,{'result': 5},{0: 5},3e23d38f-95ac-4ec8-842e-f7ab9f1be7d0,diagnostic
result,3,{'result': 3},{0: 3},3e45d5f1-f141-4cec-b2a5-a53cd05ddb0c,diagnostic
result,7,{'result': 7},{0: 7},3ef15f18-9bfb-404e-9fca-fe7b88f5e633,diagnostic
result,4,{'result': 4},{0: 4},3f2bc63d-be93-4575-8013-1eb180ddfbb5,diagnostic
result,2,{'result': 2},{0: 2},3f50ec13-757f-4270-80cd-1fd2b0b1b89d,diagnostic
result,1,{'result': 1},{0: 1},3f5153aa-ea03-4045-94b3-523fd229373f,diagnostic
result,4,{'result': 4},{0: 4},3f62db24-5089-4f1c-a461-837f1498207a,diagnostic
output_0,1,{'output_0': 1},{0: 1},3fbf0c1d-ef09-4354-a9e0-207deb35c439,diagnostic
result,2,{'result': 2},{0: 2},406d0c79-b87a-4a04-885d-81ac834107e9,diagnostic
result,7,{'result': 7},{0: 7},4181facd-49ba-4f9d-8ced-f01adcdd8782,diagnostic
result,2,{'result': 2},{0: 2},41b60c1c-6d88-4a34-9242-2aacf2837738,diagnostic
result,4,{'result': 4},{0: 4},42143b4c-1a3d-4f30-a3a6-c5e10facc1fe,diagnostic
result,2,{'result': 2},{0: 2},42c97dd0-2684-4c6a-a6cb-91c85788531d,diagnostic
result,2,{'result': 2},{0: 2},43928d2f-402c-46bd-9e94-2994f3163b69,diagnostic
result,3,{'result': 3},{0: 3},449a8672-1f24-4e89-9e8d-70661d89a8eb,diagnostic
result,4,{'result': 4},{0: 4},44fa9fda-8603-41e1-94ae-67ba830613cf,diagnostic
output_0,1,{'output_0': 1},{0: 1},4511ccb4-e31c-4cc8-b585-04dda07d21cf,diagnostic
result,2,{'result': 2},{0: 2},453e02e3-d928-41c4-b059-9b6aee990044,diagnostic
result,1,{'result': 1},{0: 1},47342c39-7c8d-4583-8135-cfd39372a0ff,diagnostic
result,3,{'result': 3},{0: 3},47c68fdc-38e9-492e-b5f2-118a3d68088b,diagnostic
result,3,{'result': 3},{0: 3},47fbefed-c16e-4a5c-a88a-ac17e2d5c863,diagnostic
result,4,{'result': 4},{0: 4},4812e166-3663-4ebe-9671-daa88afb4e1d,diagnostic
result,3,{'result': 3},{0: 3},4a6b0fd5-d75b-47c0-8130-ff584963f6c4,diagnostic
result,4,{'result': 4},{0: 4},4a6ee89a-2122-4e68-81d0-a52608c90f25,diagnostic
result,3,{'result': 3},{0: 3},4b17cac8-6e1c-479c-9f0c-541a50964d92,diagnostic
result,3,{'result': 3},{0: 3},4b54ac08-7d24-4d16-b63d-c4d07aaccd80,diagnostic
result,19,{'result': 19},{0: 19},4b755960-987b-447a-a680-dbcd6c465ed5,diagnostic
result,2,{'result': 2},{0: 2},4c733cb3-3e30-46f4-9570-225aabee657f,diagnostic
result,12,{'result': 12},{0: 12},4e462942-5adc-44e4-9771-749e1759751a,diagnostic
result,4,{'result': 4},{0: 4},4f7d0836-34fa-4d6d-8956-3bd8d62dc577,diagnostic
output_0,1,{'output_0': 1},{0: 1},50b9c98d-fcb8-43bb-ae56-e6b61d607f7c,diagnostic
result,7,{'result': 7},{0: 7},51cbe578-e2fa-447e-8352-3ee8990283f3,diagnostic
result,3,{'result': 3},{0: 3},52136fd0-87d3-4086-968b-fa7b8523c333,diagnostic
result,4,{'result': 4},{0: 4},522157eb-3858-46ea-9052-f0b2e73bf024,diagnostic
output_0,1,{'output_0': 1},{0: 1},52373c4f-e3e9-49cc-ada0-260f70efa0d3,diagnostic
result,4,{'result': 4},{0: 4},527e54a6-fd36-4274-b93c-a57e88c04eb6,diagnostic
result,3,{'result': 3},{0: 3},52f03f10-d69f-4d1b-bae6-961f4f39d975,diagnostic
result,4,{'result': 4},{0: 4},53276548-b18e-49cc-aac4-30ba51dfba76,diagnostic
result,2,{'result': 2},{0: 2},535072fe-c1ab-4eda-adbf-feeb2bf4d808,diagnostic
output_0,1,{'output_0': 1},{0: 1},537aefe1-0523-46ff-a08c-e6657a622fa5,diagnostic
output_0,1,{'output_0': 1},{0: 1},53a4529b-b5be-4be5-9daf-fdb735bea3eb,diagnostic
result,5,{'result': 5},{0: 5},53be30fe-7e4c-4ff3-ac84-f26073bbe1d2,diagnostic
result,1,{'result': 1},{0: 1},5467bbb8-42c8-4997-b46f-5bf9bbc96f76,diagnostic
result,4,{'result': 4},{0: 4},55927c49-9d82-41ca-8402-4272bac69678,diagnostic
result,3,{'result': 3},{0: 3},56a1c574-6d93-4367-a3df-128fecbda809,diagnostic
result,3,{'result': 3},{0: 3},56ae2af3-97e8-47a4-8510-7a3af9dd3177,diagnostic
output_0,1,{'output_0': 1},{0: 1},577a4547-9566-49d5-a1f9-8ec7720aa38a,diagnostic
result,3,{'result': 3},{0: 3},5830f67e-aed1-4252-a279-f107ab8d15bb,diagnostic
result,2,{'result': 2},{0: 2},58f0da42-f029-4773-86a1-dc7548859054,diagnostic
output_0,1,{'output_0': 1},{0: 1},59212b7c-319b-47b5-b45c-2e375e846970,diagnostic
output_0,1,{'output_0': 1},{0: 1},5bbe0356-c4f3-40f1-ba56-bbf37156213a,diagnostic
output_0,1,{'output_0': 1},{0: 1},5c1b3296-9e7c-4627-acb3-13704d18bd95,diagnostic
result,3,{'result': 3},{0: 3},5cca94f3-e9c1-41b2-8119-20c0ddbee477,diagnostic
result,5,{'result': 5},{0: 5},5da516a1-715a-4249-9f59-3b3d30e1b82d,diagnostic
result,3,{'result': 3},{0: 3},5ece6f80-a4fb-48a9-95cd-8c8c2a49ab08,diagnostic
result,4,{'result': 4},{0: 4},5f2689b9-c33d-4981-bb29-c52e7b2ce153,diagnostic
output_0,1,{'output_0': 1},{0: 1},5fa7ff50-c123-4abc-be8a-6113e3dfafa7,diagnostic
result,2,{'result': 2},{0: 2},600a9f10-9c69-4fa2-803a-c43737d4e42d,diagnostic
result,6,{'result': 6},{0: 6},603b4a8b-a4dc-4b16-bb35-ab167c6c45c7,diagnostic
result,5,{'result': 5},{0: 5},60b0664f-1f02-4484-9101-def1ca77fd1a,diagnostic
result,2,{'result': 2},{0: 2},61cbd84c-a854-43b2-a962-3ed64fa2bea5,diagnostic
output_0,1,{'output_0': 1},{0: 1},61fc2914-10f0-405d-af90-8e5cbe65909a,diagnostic
output_0,1,{'output_0': 1},{0: 1},620e82cc-c653-4faf-953b-510000552cd0,diagnostic
result,4,{'result': 4},{0: 4},623b1c5a-4ee6-4845-9f6f-d41129369bcc,diagnostic
output_0,1,{'output_0': 1},{0: 1},62ab7c42-6aad-4d9c-9012-eb52fb01a82b,diagnostic
output_0,1,{'output_0': 1},{0: 1},63854dc5-cf6e-40bd-94e9-f4f930165cb7,diagnostic
output_0,1,{'output_0': 1},{0: 1},63a86d01-04f7-43e6-a8c9-e8ac53331b71,diagnostic
result,5,{'result': 5},{0: 5},63decc75-1337-4064-a0f1-abd398d5985e,diagnostic
result,4,{'result': 4},{0: 4},65148711-a63a-4d3f-98f7-192c73c15ac1,diagnostic
result,2,{'result': 2},{0: 2},654ce42c-5be5-4e84-838a-38364d7ec723,diagnostic
output_0,1,{'output_0': 1},{0: 1},66312c55-87f2-4eb8-9ba2-f5158c1db300,diagnostic
result,4,{'result': 4},{0: 4},664a9ab5-d49e-4c80-9ce8-0b867ef97777,diagnostic
result,3,{'result': 3},{0: 3},665f96da-1bc5-4429-bc38-58046cdfd1c2,diagnostic
result,2,{'result': 2},{0: 2},6661b550-224b-4330-9109-59404e7b811a,diagnostic
result,4,{'result': 4},{0: 4},6895651a-8731-47bc-bef3-42a4944392c9,diagnostic
result,7,{'result': 7},{0: 7},68bb325d-be6c-4a56-a70b-be023b8f068b,diagnostic
result,4,{'result': 4},{0: 4},69bacfb5-3461-450d-bee0-3311e75bf7aa,diagnostic
result,2,{'result': 2},{0: 2},6a001923-6ece-46ae-9e4e-ae2308bad269,diagnostic
result,7,{'result': 7},{0: 7},6a069715-af16-4353-b530-2c68b1045702,diagnostic
result,4,{'result': 4},{0: 4},6a42f278-ce39-4b47-ae02-60f80782c2c6,diagnostic
result,24,{'result': 24},{0: 24},6a580394-2cd8-4a80-bac8-d81c88244059,diagnostic
output_0,1,{'output_0': 1},{0: 1},6a8f3121-3467-477e-9f28-26b4632178cc,diagnostic
result,3,{'result': 3},{0: 3},6accc733-a657-438c-97a2-d9b11b97edb8,diagnostic
result,19,{'result': 19},{0: 19},6b3f28d1-703c-4a21-b432-d84505bf42f1,diagnostic
result,4,{'result': 4},{0: 4},6b6884c6-f22a-4f7a-8fc4-73036ab9a0c3,diagnostic
output_0,1,{'output_0': 1},{0: 1},6b6c601e-23fc-49f8-ad28-e62718aa3852,diagnostic
result,4,{'result': 4},{0: 4},6bcc90ed-8253-46d4-86a6-ebc1c8550f7a,diagnostic
result,2,{'result': 2},{0: 2},6c0d717a-af97-47db-ad9d-45255f829e0d,diagnostic
result,3,{'result': 3},{0: 3},6c5bf32e-9b63-4950-a348-72e08943a6d5,diagnostic
result,5,{'result': 5},{0: 5},6c668a48-30d8-46ba-a9ac-8e0c58f9d9f0,diagnostic
result,3,{'result': 3},{0: 3},6d2f296f-b21b-4c5d-9a0c-1a4bb82df7bc,diagnostic
result,1,{'result': 1},{0: 1},6dc00645-b34d-4f6b-a00e-046b14a8ece5,diagnostic
output_0,1,{'output_0': 1},{0: 1},6e091b41-13a2-4a4a-b4d9-105cf1b9ef85,diagnostic
result,9,{'result': 9},{0: 9},6e46d58b-4319-430e-b6ca-72689e56a189,diagnostic
result,8,{'result': 8},{0: 8},6e91a284-bb94-4086-85c0-179782989414,diagnostic
result,3,{'result': 3},{0: 3},6ea6a1a9-f0e3-43ea-925a-4c627fce8951,diagnostic
result,4,{'result': 4},{0: 4},6fb9747f-205d-4057-98a9-bebfa690d3fe,diagnostic
result,4,{'result': 4},{0: 4},702881c1-d5ba-4b90-aa65-8a17d9a3a5a6,diagnostic
result,1,{'result': 1},{0: 1},71425aa1-18ff-4f04-a644-a91a2052e572,diagnostic
result,2,{'result': 2},{0: 2},714d3faf-b9d9-42a7-95b5-610d47e43332,diagnostic
result,5,{'result': 5},{0: 5},71d06959-7b76-48fb-906f-16f634884bf2,diagnostic
result,3,{'result': 3},{0: 3},73456b3f-d04d-4746-ae18-622952722f11,diagnostic
result,3,{'result': 3},{0: 3},73d62322-04e8-4039-866f-787dc05fda19,diagnostic
result,4,{'result': 4},{0: 4},746c4d4f-e28a-483b-a0d7-b63e766dc071,diagnostic
result,2,{'result': 2},{0: 2},76446ae7-0565-4df5-bff6-bddcaf386d0f,diagnostic
result,1,{'result': 1},{0: 1},766a4d29-1adf-4c1b-ae0b-bda50257dfb3,diagnostic
result,12,{'result': 12},{0: 12},767452b7-f09a-4ccc-ab2d-674c207f7a5e,diagnostic
result,2,{'result': 2},{0: 2},77a1ae43-b83e-4a6c-81a6-fa95a2cc6d1a,diagnostic
output_0,1,{'output_0': 1},{0: 1},77bb5969-f300-4f68-99d4-179bcd9ba304,diagnostic
result,4,{'result': 4},{0: 4},79548961-64d6-432c-aac2-5846fd124032,diagnostic
result,2,{'result': 2},{0: 2},79f31629-56a4-4e40-8a4d-c1619abcda9b,diagnostic
result,4,{'result': 4},{0: 4},7a8717da-4b2a-4cc4-86a8-c03bfeab7c6c,diagnostic
result,4,{'result': 4},{0: 4},7b7f782d-2389-49ad-b393-3367a22a8bcd,diagnostic
result,1,{'result': 1},{0: 1},7baf91da-a05b-42ae-b79f-6b0b5ef45fb7,diagnostic
result,2,{'result': 2},{0: 2},7bdd0e4f-6c99-4f49-b9e8-2afc9546891b,diagnostic
result,3,{'result': 3},{0: 3},7d0d1b23-f8ba-474b-84fd-e78eaaf967e2,diagnostic
result,5,{'result': 5},{0: 5},7da0f6e7-2a24-4fa8-b48d-cc84cae3e578,diagnostic
result,4,{'result': 4},{0: 4},7f38a354-d596-4f17-b24b-028e4c29b99b,diagnostic
result,2,{'result': 2},{0: 2},7f651bd9-4bf0-42ee-9102-106f475f86ed,diagnostic
result,3,{'result': 3},{0: 3},800b2e64-e7fb-43b5-a258-9e19828e1db1,diagnostic
result,3,{'result': 3},{0: 3},80906cae-8547-47ad-863b-9db070fd41ae,diagnostic
output_0,2,{'output_0': 2},{0: 2},8298a332-f803-4f19-97d3-b0b12607538f,diagnostic
output_0,1,{'output_0': 1},{0: 1},837f59f5-0d19-4246-993f-061525bd8d67,diagnostic
result,9,{'result': 9},{0: 9},83e87247-0e5d-4f60-a88f-8aa6069ce66c,diagnostic
result,3,{'result': 3},{0: 3},844ce8e2-be74-4db0-8541-132f5bebeb1b,diagnostic
output_0,1,{'output_0': 1},{0: 1},84d4c1eb-d7c3-40c2-abda-780dded290ee,diagnostic
result,5,{'result': 5},{0: 5},856f6b32-e3a3-42e7-adad-f6b3802a6772,diagnostic
result,1,{'result': 1},{0: 1},85deb9a0-ca7b-440c-a975-553cc92ff009,diagnostic
result,4,{'result': 4},{0: 4},85ee192d-9b18-47b8-8f8f-e99639042c19,diagnostic
output_0,1,{'output_0': 1},{0: 1},87282615-28ca-4fe6-bfd8-dc80f913307a,diagnostic
result,12,{'result': 12},{0: 12},87481cd4-e4d1-4eb7-ad02-0c29677ddb8c,diagnostic
result,3,{'result': 3},{0: 3},88659452-fa94-4511-b6c2-f44d1d792cfe,diagnostic
result,4,{'result': 4},{0: 4},887b6d7e-5fb5-4523-9b28-f7ab29cf7636,diagnostic
output_0,2,{'output_0': 2},{0: 2},88b88263-a647-4da2-9c9a-329970a6aa3a,diagnostic
result,4,{'result': 4},{0: 4},8917020a-8354-4100-8b7a-6c06c6428b57,diagnostic
result,3,{'result': 3},{0: 3},894ae2ce-c653-4e07-9bc9-296ea3f12aef,diagnostic
result,2,{'result': 2},{0: 2},8954bf4e-0de5-4497-8b91-09e6e039d6b6,diagnostic
result,1,{'result': 1},{0: 1},8a74c126-ba35-450d-a992-1b2f69197bf4,diagnostic
result,17,{'result': 17},{0: 17},8ab9d4d5-0011-4e49-85cb-ee24f852f350,diagnostic
result,6,{'result': 6},{0: 6},8abb3f96-fd86-4948-b034-3a404caaf078,diagnostic
result,2,{'result': 2},{0: 2},8b135424-72ba-47d7-818e-5d13b21334db,diagnostic
result,5,{'result': 5},{0: 5},8b3a28e9-ba64-44cd-bfe2-d7094471b5d7,diagnostic
result,3,{'result': 3},{0: 3},8b77968f-aa3b-443c-a226-7a628b611fb1,diagnostic
result,4,{'result': 4},{0: 4},8d50fe89-d76a-4b2d-8e61-b805e25170a5,diagnostic
result,4,{'result': 4},{0: 4},8d963cd2-0004-45db-9312-d295f0367c1c,diagnostic
output_0,1,{'output_0': 1},{0: 1},8de7580b-2f9f-4516-a3bd-4b5933ca1e2e,diagnostic
result,4,{'result': 4},{0: 4},8ee1d3b2-4632-4455-b3b1-7a165383c55b,diagnostic
result,4,{'result': 4},{0: 4},8f239e7b-b2e5-4165-8b67-9103c60d155b,diagnostic
result,4,{'result': 4},{0: 4},8f5235bc-6703-4af2-a441-ec906357889e,diagnostic
result,3,{'result': 3},{0: 3},9169ba71-aeda-4b8f-99a4-c5772cf2efb8,diagnostic
result,9,{'result': 9},{0: 9},916b2049-ac2d-4d32-b022-e9182f258024,diagnostic
result,3,{'result': 3},{0: 3},92366bd5-f065-4719-91a2-c44123746ce6,diagnostic
output_0,1,{'output_0': 1},{0: 1},925e5a42-be49-45d0-ae48-9f76fbe1a0a2,diagnostic
result,2,{'result': 2},{0: 2},927a732c-c4df-4035-830a-e635368d29d7,diagnostic
result,2,{'result': 2},{0: 2},92b6a1d2-d0d7-4915-a3ea-9361f588979a,diagnostic
result,3,{'result': 3},{0: 3},9305c8b4-aa65-4648-9332-329619fbbb48,diagnostic
output_0,1,{'output_0': 1},{0: 1},93a99349-900a-4d49-8964-8e944e49ff25,diagnostic
result,1,{'result': 1},{0: 1},93d702d6-5124-4500-a02f-78d32c9c26c4,diagnostic
result,5,{'result': 5},{0: 5},93dcf0b5-0d95-4bc6-be39-0eb316ee8721,diagnostic
result,4,{'result': 4},{0: 4},95ba5a83-de0c-4ec2-a53c-05c00643cb34,diagnostic
result,3,{'result': 3},{0: 3},96b0ed5c-cf47-4b92-9cf5-0d69f7a864a9,diagnostic
result,4,{'result': 4},{0: 4},9855f520-4ad7-4658-85fc-b66003e186bb,diagnostic
output_0,1,{'output_0': 1},{0: 1},98780c7e-93fa-496c-b2a4-5ed84b9cd8ee,diagnostic
output_0,1,{'output_0': 1},{0: 1},98cad833-bb80-4583-9158-b9d1984eec6e,diagnostic
result,8,{'result': 8},{0: 8},99501e17-529b-42b7-ae83-e98b576c8019,diagnostic
output_0,1,{'output_0': 1},{0: 1},9a10a5a0-8ece-4a88-be4b-8d88099d5266,diagnostic
result,12,{'result': 12},{0: 12},9a23a3ec-0f70-4acf-867f-1a82c0ca5b17,diagnostic
output_0,2,{'output_0': 2},{0: 2},9a752e1c-dffb-4c71-84d5-687970836ce7,diagnostic
result,1,{'result': 1},{0: 1},9adb7a75-2ecb-406d-8a46-542b79eb6e32,diagnostic
result,2,{'result': 2},{0: 2},9bb69164-80c4-4c4e-a9d2-fa3fa8bee4e3,diagnostic
result,12,{'result': 12},{0: 12},9c4c6a80-d210-46e3-bb30-8ab2ca8e8f3a,diagnostic
result,13,{'result': 13},{0: 13},9cbda69c-2a36-4f07-87cb-e0fa23cebf60,diagnostic
result,4,{'result': 4},{0: 4},9d6d1fcc-912d-4543-ba01-900bc1bc60d2,diagnostic
result,3,{'result': 3},{0: 3},9e473074-b414-4c07-9d2b-8d2512055475,diagnostic
result,3,{'result': 3},{0: 3},9ecefde1-85a5-4e50-948e-ee9c2bbf414f,diagnostic
result,8,{'result': 8},{0: 8},9ee13b1f-14b3-4e54-b629-7a77a03e4262,diagnostic
result,6,{'result': 6},{0: 6},9f02bfaf-4adb-40b5-837c-aac1bc3fac30,diagnostic
result,2,{'result': 2},{0: 2},a1d8cfc2-84b1-49dd-8ddc-6b51b110038a,diagnostic
result,2,{'result': 2},{0: 2},a2172da9-3fb2-4aca-b2d5-20a4579d2266,diagnostic
result,4,{'result': 4},{0: 4},a30048e8-000d-4e5a-addc-0e6c6e5c6fb8,diagnostic
result,2,{'result': 2},{0: 2},a330bb9e-a3eb-456a-87c3-63caf6822fad,diagnostic
result,3,{'result': 3},{0: 3},a44c74fd-b0bf-4f35-a8f0-b0a888135fee,diagnostic
result,4,{'result': 4},{0: 4},a5446ce3-edec-4898-b802-cc9b4c5864b6,diagnostic
result,3,{'result': 3},{0: 3},a5562121-119c-4737-adbe-0ce66cab3f20,diagnostic
gcd,1,{'gcd': 1},{0: 1},a58be90a-b73e-4d45-a4e2-2ba9db73e912,diagnostic
output_0,1,{'output_0': 1},{0: 1},a7d0c985-3d04-47c8-a063-8276616af274,diagnostic
result,1,{'result': 1},{0: 1},a7f3e2d8-d639-488d-97c5-2e51f42ad83e,diagnostic
result,2,{'result': 2},{0: 2},a845fa23-f94d-436b-b550-86cb6f3da886,diagnostic
result,10,{'result': 10},{0: 10},a90adb78-71aa-4125-b7c4-6151ed659a80,diagnostic
result,2,{'result': 2},{0: 2},aa1ea1ba-bf16-4e55-a707-c3a3aa6ab0d6,diagnostic
result,5,{'result': 5},{0: 5},aa8adc5d-1f45-46ca-9c85-3819910c0296,diagnostic
result,4,{'result': 4},{0: 4},aaece8ba-0384-4d94-a479-fe00d0eb94e0,diagnostic
result,3,{'result': 3},{0: 3},abb922e2-ecb4-444d-8602-41700a00639b,diagnostic
result,7,{'result': 7},{0: 7},ac43d21d-8330-4f5d-9a90-85756af20656,diagnostic
result,5,{'result': 5},{0: 5},ac7f18f4-b4e7-424c-bb4e-b81a8a7e507c,diagnostic
result,6,{'result': 6},{0: 6},ac7ff9ba-5f9b-45db-ac99-a27751c32a2f,diagnostic
result,1,{'result': 1},{0: 1},aca13c04-25c4-452c-8ce5-f9ac7668a980,diagnostic
result,4,{'result': 4},{0: 4},acb996d1-a48e-47b8-b370-8cf14d0db3a7,diagnostic
result,2,{'result': 2},{0: 2},ace2a45d-4588-4ddc-bfe9-f98c2cff0427,diagnostic
result,2,{'result': 2},{0: 2},ad9fe842-7db1-4922-a922-d011caecdb6f,diagnostic
output_0,1,{'output_0': 1},{0: 1},ae2442dc-f285-4963-a108-fef08dffe49a,diagnostic
result,10,{'result': 10},{0: 10},ae7cc681-a44c-4143-8bf2-a2a9680acf0d,diagnostic
result,6,{'result': 6},{0: 6},aed65d8f-b112-4cd6-ab82-07ae242a8947,diagnostic
result,4,{'result': 4},{0: 4},af2e5ab1-979e-48ac-af4f-d35487975b62,diagnostic
result,2,{'result': 2},{0: 2},b0062a20-23f1-4af6-bdf3-6441af3aacca,diagnostic
output_0,1,{'output_0': 1},{0: 1},b0643ded-c098-4051-958b-db37c7b2aa00,diagnostic
result,2,{'result': 2},{0: 2},b0ec8b50-3b10-47e9-a151-fe2085d45c5d,diagnostic
result,4,{'result': 4},{0: 4},b169f0ea-3a25-4627-9795-9d390379e73f,diagnostic
result,6,{'result': 6},{0: 6},b1706900-e187-49c5-ace6-8cbfc5fbd566,diagnostic
result,2,{'result': 2},{0: 2},b170ed97-4af8-4589-8a83-7509c597837c,diagnostic
result,5,{'result': 5},{0: 5},b174255f-9249-4dc5-a214-1bfed5112330,diagnostic
result,4,{'result': 4},{0: 4},b17fe079-7816-4882-98fd-ba692caae2e3,diagnostic
result,4,{'result': 4},{0: 4},b19cf53c-de8d-45ec-a1f1-812364690f45,diagnostic
result,2,{'result': 2},{0: 2},b2861b15-913e-4b89-a37e-16a3468170a6,diagnostic
result,2,{'result': 2},{0: 2},b33d1976-3a2d-46a9-bf8b-2c72336683eb,diagnostic
result,5,{'result': 5},{0: 5},b370d25b-a241-486b-9630-7dbd523312c2,diagnostic
result,4,{'result': 4},{0: 4},b39c0196-4991-47b9-b5b4-18d53615fd00,diagnostic
output_0,1,{'output_0': 1},{0: 1},b3bc6c17-de42-43cf-8c68-4c0f8b5465f2,diagnostic
result,4,{'result': 4},{0: 4},b3e268c9-2465-41d5-ba04-adfe860d791f,diagnostic
result,1,{'result': 1},{0: 1},b3ec3724-bfb1-40be-b92e-9e28cabf8a68,diagnostic
result,9,{'result': 9},{0: 9},b4bb577d-08f8-4f80-9502-1a65c664048a,diagnostic
result,3,{'result': 3},{0: 3},b5e08c7a-e09e-4302-a09d-be4395a38a3e,diagnostic
result,4,{'result': 4},{0: 4},b6014609-5bd3-4f6a-8f09-1df7d9477c98,diagnostic
result,2,{'result': 2},{0: 2},b7a49346-8333-4c96-9ed8-9dca8f299089,diagnostic
result,4,{'result': 4},{0: 4},b840daf0-a3b9-4324-a06f-03c6b44595f4,diagnostic
result,1,{'result': 1},{0: 1},b89b5c12-ccc2-4109-bc87-24857dd99e40,diagnostic
output_0,1,{'output_0': 1},{0: 1},b930b196-c49a-4b90-9772-7b9b22f5d83a,diagnostic
result,2,{'result': 2},{0: 2},bc894a80-53b4-4831-a5c6-cf982a369283,diagnostic
result,3,{'result': 3},{0: 3},bef72027-79fd-4e32-8407-b6fab9c37847,diagnostic
result,2,{'result': 2},{0: 2},bf63e869-1ed2-4bd3-9f1a-bfd48e7084db,diagnostic
result,3,{'result': 3},{0: 3},bff28333-e7e5-483f-ae1b-2ad95bedc37d,diagnostic
result,4,{'result': 4},{0: 4},c034b3cd-f436-40e6-9aea-87b2e1f363f3,diagnostic
result,3,{'result': 3},{0: 3},c0aa6d66-e540-49d5-b7ef-89d6e5fd57df,diagnostic
result,4,{'result': 4},{0: 4},c0d6a53d-874b-48fd-b352-d21a35f2ab58,diagnostic
result,5,{'result': 5},{0: 5},c2145e21-7a24-4dbb-a9b1-c8948147f0d9,diagnostic
result,3,{'result': 3},{0: 3},c28f3807-67fa-4513-8fdc-7802409d49d9,diagnostic
result,4,{'result': 4},{0: 4},c35dfbfd-76ae-45d3-a7b2-7a46c10936df,diagnostic
result,1,{'result': 1},{0: 1},c38329a3-eaab-4596-9096-47e80ad97843,diagnostic
result,6,{'result': 6},{0: 6},c3a4c2c9-0453-4b32-a1b1-440de236f8ce,diagnostic
result,3,{'result': 3},{0: 3},c48c671c-3759-4d22-9625-a53f947af6a4,diagnostic
output_0,1,{'output_0': 1},{0: 1},c4cd0862-234b-459c-805c-14099acf49d8,diagnostic
output_0,1,{'output_0': 1},{0: 1},c549eed3-2aa2-4baf-ace6-9a250dbf4924,diagnostic
result,3,{'result': 3},{0: 3},c5f39bd0-95b9-4db8-b487-739ff47c120c,diagnostic
result,2,{'result': 2},{0: 2},c5fbeefb-86ff-46b9-adb3-c8f4cd4adba1,diagnostic
result,3,{'result': 3},{0: 3},c74a3ed2-40ab-4106-a64f-a221e039b517,diagnostic
result,4,{'result': 4},{0: 4},c74f7663-6aa1-4f96-8333-8a2a2129a547,diagnostic
result,2,{'result': 2},{0: 2},c7b272cc-11fe-4633-a9e2-de51f80b8451,diagnostic
result,6,{'result': 6},{0: 6},c8266f26-e536-4db5-b0d6-382bfd0a91d3,diagnostic
result,2,{'result': 2},{0: 2},c870a3f6-2c45-4bec-a40b-f74ecd268bec,diagnostic
result,9,{'result': 9},{0: 9},c8832b6f-c67b-4a49-8e7e-bfe4d6e8a8d8,diagnostic
output_0,1,{'output_0': 1},{0: 1},c89ea41f-51cc-44d0-a095-087c2d39285d,diagnostic
result,3,{'result': 3},{0: 3},c8ae8811-ce45-4165-afd2-65f9720e5c03,diagnostic
result,6,{'result': 6},{0: 6},c8d82893-19ba-40ae-bb44-fe06ff67cdcc,diagnostic
result,3,{'result': 3},{0: 3},c8fe1b79-5601-4660-a8ea-16c6fff9c744,diagnostic
result,3,{'result': 3},{0: 3},c922d80c-b8ba-4680-9cbe-dc73c0f6eab3,diagnostic
result,5,{'result': 5},{0: 5},c9bd9463-a78f-4d8f-83e9-7e5d14f6994b,diagnostic
result,3,{'result': 3},{0: 3},ca30039f-334d-4462-8912-ff7996912bb9,diagnostic
output_0,1,{'output_0': 1},{0: 1},ca85531d-bc1d-40e8-8769-438c3e886fe2,diagnostic
result,11,{'result': 11},{0: 11},cb292a5a-b3fa-4310-b4f8-7532f24792a6,diagnostic
output_0,1,{'output_0': 1},{0: 1},cb993fec-f656-4b15-904b-084c311bd7e2,diagnostic
result,1,{'result': 1},{0: 1},cbc30b4f-03b3-47ff-a914-e801e5717d55,diagnostic
result,3,{'result': 3},{0: 3},cc2a8330-c94f-4949-a2d7-f4bc71c1138c,diagnostic
result,3,{'result': 3},{0: 3},ccb458fa-d81d-49cc-a872-78e6f78891d2,diagnostic
result,6,{'result': 6},{0: 6},ccf24406-7e65-4813-b8a4-64bd142b13e7,diagnostic
result,2,{'result': 2},{0: 2},cd2c11f9-7d61-4b5b-8292-304878bc8f34,diagnostic
result,3,{'result': 3},{0: 3},cd504733-bb25-4995-9fcc-2c786689fd98,diagnostic
result,7,{'result': 7},{0: 7},cd6b81c1-5157-4920-93ec-3ed00b01621b,diagnostic
result,5,{'result': 5},{0: 5},cdadfe2d-be7f-4395-8d5c-765e99d0815d,diagnostic
result,13,{'result': 13},{0: 13},cdfc6ae1-e182-443e-b66e-1162b3d38a03,diagnostic
result,2,{'result': 2},{0: 2},ced97929-b113-413a-a5be-c01d4b59c073,diagnostic
result,2,{'result': 2},{0: 2},cffae660-6fc6-4c48-8bfc-51be4385eb41,diagnostic
result,5,{'result': 5},{0: 5},d010385a-4346-45ae-baaf-5eb5ff4a0071,diagnostic
result,4,{'result': 4},{0: 4},d0b81e07-1120-4d16-bb30-210922380178,diagnostic
result,4,{'result': 4},{0: 4},d0e4ce58-0809-48bf-bc0f-af4904c1b6f7,diagnostic
result,4,{'result': 4},{0: 4},d13b28e8-59e7-4b1d-bcf8-efd26d9e8de3,diagnostic
result,5,{'result': 5},{0: 5},d15de72b-e688-459e-bf1d-fc9c79c5aab0,diagnostic
result,5,{'result': 5},{0: 5},d1c052b8-7b8f-4276-b609-102af3933429,diagnostic
result,3,{'result': 3},{0: 3},d1f08f46-390b-49ea-9534-ee1639221aec,diagnostic
result,7,{'result': 7},{0: 7},d20d683a-d14b-4108-8b0b-20d2dde2ad44,diagnostic
result,2,{'result': 2},{0: 2},d27d13fd-1d87-4878-bb12-c9910d53a134,diagnostic
result,3,{'result': 3},{0: 3},d2f60c36-a1dd-449c-820f-7ef26e8db0ce,diagnostic
result,8,{'result': 8},{0: 8},d35cd697-07ba-43bb-9035-05f045395df0,diagnostic
result,2,{'result': 2},{0: 2},d36a7acb-7a01-4eb1-9d6c-1d7436854b25,diagnostic
result,6,{'result': 6},{0: 6},d3b2541d-f260-4cf7-bdb7-5d75178f80f3,diagnostic
result,1,{'result': 1},{0: 1},d3b4384c-4b01-461a-a1a4-2aa313207f18,diagnostic
result,4,{'result': 4},{0: 4},d4c761eb-50a5-40eb-802f-c27c23600ecb,diagnostic
result,1,{'result': 1},{0: 1},d5aec711-273b-4a98-9789-02d7ac1a45be,diagnostic
result,2,{'result': 2},{0: 2},d6c9c7eb-7a64-4007-a9c6-b475be17b9a4,diagnostic
result,7,{'result': 7},{0: 7},d71ce103-fb88-4af0-a6a7-1ed85a639c57,diagnostic
result,4,{'result': 4},{0: 4},d7626ffb-76e8-433f-8eff-2a9c81282049,diagnostic
result,3,{'result': 3},{0: 3},d87c8747-a626-4e8b-90e6-825cef31fb05,diagnostic
result,4,{'result': 4},{0: 4},d883f2ac-e3ea-456c-a7ff-9abdb91a8f16,diagnostic
result,3,{'result': 3},{0: 3},d8ea3b09-8263-4b35-b6eb-622ebca8cc09,diagnostic
output_0,1,{'output_0': 1},{0: 1},d9657b27-fc32-4b1b-8821-f408a3cf7940,diagnostic
result,3,{'result': 3},{0: 3},db0f42d4-165c-4e31-bebd-9d6e5891c535,diagnostic
result,5,{'result': 5},{0: 5},db25d9a4-caa5-4657-b24e-545a5be6b981,diagnostic
result,4,{'result': 4},{0: 4},db8d72af-7a1a-4201-a376-4b827b0162df,diagnostic
result,3,{'result': 3},{0: 3},dc009c32-925d-40ae-a4af-eea8ebf28cb2,diagnostic
result,2,{'result': 2},{0: 2},dc5fc3b0-79a6-4aa9-8655-458ad1725bdf,diagnostic
result,1,{'result': 1},{0: 1},dc96276f-7680-42f4-8489-cfeca78d07c4,diagnostic
result,2,{'result': 2},{0: 2},dd7a392f-d258-4192-941a-b487c575eabd,diagnostic
result,1,{'result': 1},{0: 1},deca0cfc-5c4b-42e7-8d89-6a4ca7d9c771,diagnostic
result,8,{'result': 8},{0: 8},df7d09de-9314-438c-a726-5189f82d3bd9,diagnostic
result,3,{'result': 3},{0: 3},e0bd90e4-6dcc-45e2-9dd4-44e97eadbff4,diagnostic
result,6,{'result': 6},{0: 6},e1a005a4-216d-4486-a15b-d53ccb574e78,diagnostic
result,6,{'result': 6},{0: 6},e218fe94-0943-47ec-9f47-b7f716a1f410,diagnostic
result,2,{'result': 2},{0: 2},e2cf1726-9a4d-4cb1-a32f-5f5e9ba0d3c4,diagnostic
result,2,{'result': 2},{0: 2},e3146382-ad8d-4d85-82e1-f08127121657,diagnostic
result,5,{'result': 5},{0: 5},e3a118fa-b77d-4f76-9dc6-66233a361aba,diagnostic
result,2,{'result': 2},{0: 2},e3f3049a-021f-4f90-9c4e-640aaf4519c4,diagnostic
result,5,{'result': 5},{0: 5},e422f852-fe4a-4981-b899-25e6263b9a4a,diagnostic
result,2,{'result': 2},{0: 2},e43bbe8b-0429-473d-96c9-216905851bd6,diagnostic
result,4,{'result': 4},{0: 4},e4bdc3e1-4c28-4050-a23a-ab74718caada,diagnostic
result,1,{'result': 1},{0: 1},e5eb37ac-bd11-4a84-82a3-588c93ba7712,diagnostic
result,4,{'result': 4},{0: 4},e652bee6-4121-4ca1-8dd0-653787184a80,diagnostic
result,2,{'result': 2},{0: 2},e665aa88-e0ac-4724-866a-44d2c84e97b0,diagnostic
output_0,1,{'output_0': 1},{0: 1},e66fce41-6850-45a8-9db4-5cdf7fc5d81c,diagnostic
result,3,{'result': 3},{0: 3},e6768b60-cc80-4e82-b9c8-c0d48df718fe,diagnostic
output_0,2,{'output_0': 2},{0: 2},e67ab11d-70f4-4d75-9cf4-dc77d18dda1f,diagnostic
output_0,1,{'output_0': 1},{0: 1},e6a8c49d-577f-4a1e-a2d0-96ec051f83ac,diagnostic
result,4,{'result': 4},{0: 4},e70bd2c9-99af-410a-bc6d-61a65e00f7d8,diagnostic
result,8,{'result': 8},{0: 8},e7739078-35f2-48da-a734-cb4b077cf372,diagnostic
result,4,{'result': 4},{0: 4},e7dc9f54-d564-4d82-ab36-60ca22bfb8e2,diagnostic
result,4,{'result': 4},{0: 4},e82737ff-a667-46b4-8b1d-1e16b1785911,diagnostic
result,2,{'result': 2},{0: 2},e854fd67-4e08-483f-a4b2-a4c7c4f85d17,diagnostic
result,5,{'result': 5},{0: 5},e8605b92-ee9a-4265-9c3c-aa4bc3a691e9,diagnostic
output_0,1,{'output_0': 1},{0: 1},e940f944-a864-4e44-8c9d-cf914b5c8d3e,diagnostic
result,2,{'result': 2},{0: 2},eb1312ee-7059-4660-a43c-ecff8b71919d,diagnostic
result,7,{'result': 7},{0: 7},eb98f598-754c-4117-b630-dc58914f2a4d,diagnostic
output_0,2,{'output_0': 2},{0: 2},ebdb9ed1-c0cb-49a3-b99f-51a3abdf8b90,diagnostic
output_0,2,{'output_0': 2},{0: 2},ec654414-df15-4621-9b4d-3570a4ae6864,diagnostic
result,1,{'result': 1},{0: 1},ed8bfd25-69ed-4d52-8e62-438e8258f812,diagnostic
result,1,{'result': 1},{0: 1},ed9416d7-f389-44e7-8a8c-3b7b7f7e9561,diagnostic
result,4,{'result': 4},{0: 4},ef29201e-ebf0-47cc-8228-3f68241ef6f5,diagnostic
result,2,{'result': 2},{0: 2},f233bac0-19b3-4c09-b8ae-ed847a9c7c1d,diagnostic
result,2,{'result': 2},{0: 2},f23c3b8c-1ca9-42f3-a040-dce72b65aa28,diagnostic
result,7,{'result': 7},{0: 7},f2aede8e-145b-4b28-84d4-9fb63d8564d7,diagnostic
result,3,{'result': 3},{0: 3},f334ca41-2c0e-42d1-9ff1-afe48f56e9f8,diagnostic
result,3,{'result': 3},{0: 3},f35d7635-07e6-41a2-992d-612f82be538c,diagnostic
result,10,{'result': 10},{0: 10},f373d250-2c9f-42f5-a12a-cbe17de52be1,diagnostic
result,3,{'result': 3},{0: 3},f39b094a-54f6-4915-8ede-44b3515fcceb,diagnostic
result,6,{'result': 6},{0: 6},f3ff1bb8-0747-4453-afbb-a71cf3fd92d9,diagnostic
result,4,{'result': 4},{0: 4},f50c216d-76ee-4609-8fd7-5e6efeb01927,diagnostic
result,2,{'result': 2},{0: 2},f5a81c81-73e3-4c94-87dd-44f400c5b843,diagnostic
result,2,{'result': 2},{0: 2},f5f86953-11aa-47f5-92f5-607f7ba9fe00,diagnostic
result,3,{'result': 3},{0: 3},f667a28d-2be7-41fc-94ed-118e8381a2c3,diagnostic
result,3,{'result': 3},{0: 3},f6aa4233-451e-4e33-abe1-451a313b6fec,diagnostic
output_0,1,{'output_0': 1},{0: 1},f76b1983-59a8-4264-9065-ef478e8f3944,diagnostic
result,1,{'result': 1},{0: 1},f78c26cb-d05d-4cfd-8be3-47b0b01d2e95,diagnostic
result,4,{'result': 4},{0: 4},f7d975ce-dcd5-46ba-bfbf-f18b79aa15bd,diagnostic
result,4,{'result': 4},{0: 4},f835d116-65c1-4ab8-95d3-980506564ddd,diagnostic
result,7,{'result': 7},{0: 7},f8fdce32-9e0f-4f9c-bd0d-15dfce117a71,diagnostic
result,2,{'result': 2},{0: 2},f905138a-f657-4ab0-a9f9-b17fd5854b4f,diagnostic
result,2,{'result': 2},{0: 2},f9ebc5c7-fafb-4b4b-ae3f-8f4f10f5ca31,diagnostic
result,17,{'result': 17},{0: 17},fa47c82a-60bf-4ff0-bcf7-d7b41fe795c4,diagnostic
output_0,1,{'output_0': 1},{0: 1},fa57c28a-e9d8-44fb-a358-a9404a557d5b,diagnostic
result,4,{'result': 4},{0: 4},fa9c7f16-9ea7-4eb4-b3d4-efdb6492cf3d,diagnostic
result,5,{'result': 5},{0: 5},fb341674-da07-4323-b70a-7bb759f1e746,diagnostic
result,2,{'result': 2},{0: 2},fc47e3cd-d410-4517-9b20-9817fa2e8217,diagnostic
result,4,{'result': 4},{0: 4},fc6100d1-accb-423a-a8c0-4f4a14ea3cd5,diagnostic
result,12,{'result': 12},{0: 12},fc783b3f-ceb7-4705-bfb8-04a9634bd5ba,diagnostic
result,2,{'result': 2},{0: 2},fc8a9de4-dbbd-4a43-b86f-e331c5ab6199,diagnostic
result,7,{'result': 7},{0: 7},fd49d75b-907d-4ea8-8f20-b94ae88ba68d,diagnostic
result,2,{'result': 2},{0: 2},fd93d5e2-b364-47d3-95c6-b253545f19a9,diagnostic
output_0,1,{'output_0': 1},{0: 1},fd974a69-367d-4ad0-ba69-509a91be9547,diagnostic
result,7,{'result': 7},{0: 7},fde10026-a75e-44d5-ba81-adc9510c5c22,diagnostic
result,4,{'result': 4},{0: 4},fe72229a-2b0d-4eb4-8ba9-1e5179ff5029,diagnostic
result,6,{'result': 6},{0: 6},fed1fe60-ded8-481f-bf6a-8918b655660a,diagnostic
result,12,{'result': 12},{0: 12},ffc78483-512b-4cac-82e9-6081425c2cd4,diagnostic
